$LOC_BLANK,$BRANCH_COUNT,$LOC_CODE_AND_COMMENT,$LOC_COMMENTS,$CYCLOMATIC_COMPLEXITY,$DESIGN_COMPLEXITY,$ESSENTIAL_COMPLEXITY,$LOC_EXECUTABLE,$HALSTEAD_CONTENT,$HALSTEAD_DIFFICULTY,$HALSTEAD_EFFORT,$HALSTEAD_ERROR_EST,$HALSTEAD_LENGTH,$HALSTEAD_LEVEL,$HALSTEAD_PROG_TIME,$HALSTEAD_VOLUME,$NUM_OPERANDS,$NUM_OPERATORS,$NUM_UNIQUE_OPERANDS,$NUM_UNIQUE_OPERATORS,$LOC_TOTAL,$>Defective
36.0,5.0,0.0,7.0,3.0,2.0,1.0,16.0,16.73,9.29,1442.29,0.05,38.0,0.11,80.13,155.32,13.0,25.0,7.0,10.0,61.0,0
1.0,9.0,0.0,0.0,5.0,2.0,1.0,10.0,9.66,19.0,3488.85,0.06,47.0,0.05,193.83,183.62,19.0,28.0,5.0,10.0,13.0,0
1.0,7.0,1.0,0.0,6.0,6.0,1.0,23.0,31.48,13.5,5737.5,0.14,85.0,0.07,318.75,425.0,27.0,58.0,16.0,16.0,27.0,0
1.0,7.0,1.0,0.0,6.0,6.0,1.0,23.0,31.48,13.5,5737.5,0.14,85.0,0.07,318.75,425.0,27.0,58.0,16.0,16.0,27.0,0
24.0,3.0,0.0,5.0,2.0,2.0,1.0,12.0,14.59,7.5,820.45,0.04,28.0,0.13,45.58,109.39,10.0,18.0,6.0,9.0,43.0,0
24.0,3.0,0.0,5.0,2.0,2.0,1.0,12.0,14.59,7.5,820.45,0.04,28.0,0.13,45.58,109.39,10.0,18.0,6.0,9.0,43.0,0
24.0,3.0,0.0,5.0,2.0,2.0,1.0,12.0,14.59,7.5,820.45,0.04,28.0,0.13,45.58,109.39,10.0,18.0,6.0,9.0,43.0,0
2.0,7.0,0.0,0.0,4.0,4.0,1.0,22.0,34.16,11.2,4284.83,0.13,74.0,0.09,238.05,382.57,28.0,46.0,20.0,16.0,27.0,0
0.0,3.0,0.0,0.0,2.0,1.0,1.0,17.0,9.69,23.38,5296.77,0.08,58.0,0.04,294.26,226.6,17.0,41.0,4.0,11.0,17.0,0
0.0,3.0,0.0,0.0,2.0,1.0,1.0,17.0,9.69,23.38,5296.77,0.08,58.0,0.04,294.26,226.6,17.0,41.0,4.0,11.0,17.0,0
2.0,3.0,1.0,1.0,2.0,2.0,1.0,24.0,32.54,13.33,5784.24,0.14,86.0,0.08,321.35,433.82,32.0,54.0,18.0,15.0,30.0,1
5.0,1.0,0.0,9.0,1.0,1.0,1.0,20.0,34.25,10.42,3716.19,0.12,80.0,0.1,206.46,356.75,25.0,55.0,12.0,10.0,36.0,0
7.0,1.0,0.0,6.0,1.0,1.0,1.0,13.0,37.89,9.84,3670.35,0.12,76.0,0.1,203.91,372.92,34.0,42.0,19.0,11.0,28.0,0
7.0,1.0,0.0,6.0,1.0,1.0,1.0,13.0,37.89,9.84,3670.35,0.12,76.0,0.1,203.91,372.92,34.0,42.0,19.0,11.0,28.0,0
7.0,1.0,0.0,6.0,1.0,1.0,1.0,13.0,37.89,9.84,3670.35,0.12,76.0,0.1,203.91,372.92,34.0,42.0,19.0,11.0,28.0,0
1.0,3.0,0.0,0.0,2.0,2.0,1.0,9.0,23.27,11.38,3010.96,0.09,57.0,0.09,167.28,264.7,21.0,36.0,12.0,13.0,12.0,0
1.0,3.0,0.0,0.0,2.0,2.0,1.0,9.0,23.27,11.38,3010.96,0.09,57.0,0.09,167.28,264.7,21.0,36.0,12.0,13.0,12.0,0
1.0,3.0,0.0,0.0,2.0,2.0,1.0,9.0,23.27,11.38,3010.96,0.09,57.0,0.09,167.28,264.7,21.0,36.0,12.0,13.0,12.0,0
1.0,3.0,0.0,0.0,2.0,2.0,1.0,16.0,20.81,12.0,2996.74,0.08,56.0,0.08,166.49,249.73,20.0,36.0,10.0,12.0,19.0,1
1.0,3.0,0.0,0.0,2.0,2.0,1.0,16.0,20.81,12.0,2996.74,0.08,56.0,0.08,166.49,249.73,20.0,36.0,10.0,12.0,19.0,1
1.0,3.0,0.0,0.0,2.0,2.0,1.0,16.0,20.81,12.0,2996.74,0.08,56.0,0.08,166.49,249.73,20.0,36.0,10.0,12.0,19.0,1
1.0,3.0,0.0,0.0,2.0,2.0,1.0,11.0,21.55,12.0,3103.76,0.09,58.0,0.08,172.43,258.64,20.0,38.0,10.0,12.0,14.0,0
1.0,3.0,0.0,0.0,2.0,2.0,1.0,11.0,21.55,12.0,3103.76,0.09,58.0,0.08,172.43,258.64,20.0,38.0,10.0,12.0,14.0,0
3.0,3.0,0.0,0.0,2.0,1.0,1.0,12.0,19.05,12.35,2905.03,0.08,52.0,0.08,161.39,235.23,19.0,33.0,10.0,13.0,17.0,0
3.0,3.0,0.0,0.0,2.0,1.0,1.0,12.0,19.05,12.35,2905.03,0.08,52.0,0.08,161.39,235.23,19.0,33.0,10.0,13.0,17.0,0
3.0,3.0,0.0,0.0,2.0,1.0,1.0,12.0,19.05,12.35,2905.03,0.08,52.0,0.08,161.39,235.23,19.0,33.0,10.0,13.0,17.0,0
2.0,1.0,0.0,0.0,1.0,1.0,1.0,6.0,46.28,2.36,258.57,0.04,28.0,0.42,14.36,109.39,13.0,15.0,11.0,4.0,10.0,0
3.0,1.0,0.0,0.0,1.0,1.0,1.0,24.0,16.48,18.75,5792.61,0.1,93.0,0.05,321.81,308.94,25.0,68.0,4.0,6.0,29.0,0
4.0,3.0,0.0,0.0,2.0,2.0,1.0,16.0,22.13,14.09,4394.31,0.1,71.0,0.07,244.13,311.85,31.0,40.0,11.0,10.0,23.0,0
0.0,1.0,0.0,0.0,1.0,1.0,1.0,4.0,35.2,2.73,261.82,0.03,24.0,0.37,14.55,96.0,12.0,12.0,11.0,5.0,6.0,0
1.0,3.0,0.0,0.0,2.0,2.0,1.0,13.0,19.11,13.75,3612.2,0.09,63.0,0.07,200.68,262.71,22.0,41.0,8.0,10.0,17.0,0
1.0,1.0,0.0,0.0,1.0,1.0,1.0,5.0,17.13,4.67,373.12,0.03,21.0,0.21,20.73,79.95,7.0,14.0,6.0,8.0,8.0,0
1.0,1.0,0.0,0.0,1.0,1.0,1.0,5.0,17.13,4.67,373.12,0.03,21.0,0.21,20.73,79.95,7.0,14.0,6.0,8.0,8.0,0
1.0,1.0,0.0,0.0,1.0,1.0,1.0,5.0,17.13,4.67,373.12,0.03,21.0,0.21,20.73,79.95,7.0,14.0,6.0,8.0,8.0,0
12.0,1.0,0.0,0.0,1.0,1.0,1.0,16.0,11.99,21.6,5595.06,0.09,70.0,0.05,310.84,259.02,27.0,43.0,5.0,8.0,30.0,0
12.0,1.0,0.0,0.0,1.0,1.0,1.0,16.0,11.99,21.6,5595.06,0.09,70.0,0.05,310.84,259.02,27.0,43.0,5.0,8.0,30.0,0
12.0,1.0,0.0,0.0,1.0,1.0,1.0,16.0,11.99,21.6,5595.06,0.09,70.0,0.05,310.84,259.02,27.0,43.0,5.0,8.0,30.0,0
1.0,3.0,0.0,0.0,2.0,2.0,1.0,17.0,20.61,13.0,3483.47,0.09,62.0,0.08,193.53,267.96,26.0,36.0,10.0,10.0,20.0,0
0.0,3.0,0.0,0.0,2.0,2.0,1.0,14.0,17.16,13.12,2955.43,0.08,54.0,0.08,164.19,225.18,21.0,33.0,8.0,10.0,16.0,0
4.0,7.0,0.0,0.0,4.0,3.0,4.0,18.0,37.2,10.34,3978.11,0.13,75.0,0.1,221.01,384.7,35.0,40.0,22.0,13.0,24.0,0
0.0,5.0,0.0,0.0,3.0,3.0,3.0,14.0,26.73,9.21,2266.4,0.08,53.0,0.11,125.91,246.12,17.0,36.0,12.0,13.0,14.0,0
0.0,5.0,0.0,0.0,3.0,3.0,3.0,14.0,26.73,9.21,2266.4,0.08,53.0,0.11,125.91,246.12,17.0,36.0,12.0,13.0,14.0,0
0.0,5.0,0.0,0.0,3.0,3.0,3.0,14.0,26.73,9.21,2266.4,0.08,53.0,0.11,125.91,246.12,17.0,36.0,12.0,13.0,14.0,0
6.0,7.0,0.0,9.0,4.0,4.0,4.0,13.0,38.54,9.6,3552.0,0.12,74.0,0.1,197.33,370.0,32.0,42.0,20.0,12.0,30.0,0
1.0,5.0,0.0,0.0,3.0,3.0,1.0,11.0,25.1,10.23,2626.89,0.09,54.0,0.1,145.94,256.76,19.0,35.0,13.0,14.0,14.0,0
1.0,5.0,0.0,0.0,3.0,3.0,1.0,11.0,25.1,10.23,2626.89,0.09,54.0,0.1,145.94,256.76,19.0,35.0,13.0,14.0,14.0,0
0.0,5.0,0.0,0.0,4.0,2.0,1.0,17.0,25.22,9.21,2138.11,0.08,50.0,0.11,118.78,232.19,17.0,33.0,12.0,13.0,19.0,0
0.0,5.0,0.0,0.0,4.0,2.0,1.0,17.0,25.22,9.21,2138.11,0.08,50.0,0.11,118.78,232.19,17.0,33.0,12.0,13.0,19.0,0
0.0,5.0,0.0,0.0,4.0,2.0,1.0,17.0,25.22,9.21,2138.11,0.08,50.0,0.11,118.78,232.19,17.0,33.0,12.0,13.0,19.0,0
2.0,5.0,0.0,0.0,3.0,3.0,1.0,17.0,14.93,11.67,2032.67,0.06,38.0,0.09,112.93,174.23,14.0,24.0,9.0,15.0,22.0,0
2.0,5.0,0.0,0.0,3.0,3.0,1.0,17.0,14.93,11.67,2032.67,0.06,38.0,0.09,112.93,174.23,14.0,24.0,9.0,15.0,22.0,0
2.0,5.0,0.0,0.0,3.0,3.0,1.0,17.0,14.93,11.67,2032.67,0.06,38.0,0.09,112.93,174.23,14.0,24.0,9.0,15.0,22.0,0
2.0,1.0,0.0,0.0,1.0,1.0,1.0,6.0,13.44,4.0,215.1,0.02,15.0,0.25,11.95,53.77,4.0,11.0,4.0,8.0,11.0,0
5.0,5.0,0.0,9.0,3.0,2.0,3.0,13.0,34.55,6.9,1645.08,0.08,52.0,0.14,91.39,238.42,23.0,29.0,15.0,9.0,29.0,1
5.0,5.0,0.0,9.0,3.0,2.0,3.0,13.0,34.55,6.9,1645.08,0.08,52.0,0.14,91.39,238.42,23.0,29.0,15.0,9.0,29.0,1
5.0,5.0,0.0,9.0,3.0,2.0,3.0,13.0,34.55,6.9,1645.08,0.08,52.0,0.14,91.39,238.42,23.0,29.0,15.0,9.0,29.0,1
2.0,1.0,0.0,0.0,1.0,1.0,1.0,6.0,12.33,4.8,284.19,0.02,16.0,0.21,15.79,59.21,6.0,10.0,5.0,8.0,10.0,0
2.0,1.0,0.0,0.0,1.0,1.0,1.0,6.0,12.33,4.8,284.19,0.02,16.0,0.21,15.79,59.21,6.0,10.0,5.0,8.0,10.0,0
4.0,5.0,0.0,2.0,3.0,3.0,1.0,23.0,22.91,16.0,5865.77,0.12,74.0,0.06,325.88,366.61,30.0,44.0,15.0,16.0,32.0,0
2.0,7.0,1.0,0.0,4.0,1.0,1.0,19.0,18.03,12.67,2893.07,0.08,52.0,0.08,160.73,228.4,19.0,33.0,9.0,12.0,20.0,1
2.0,7.0,1.0,0.0,4.0,1.0,1.0,19.0,18.03,12.67,2893.07,0.08,52.0,0.08,160.73,228.4,19.0,33.0,9.0,12.0,20.0,1
1.0,5.0,0.0,0.0,3.0,2.0,1.0,19.0,16.99,12.6,2697.06,0.07,48.0,0.08,149.84,214.05,21.0,27.0,10.0,12.0,22.0,0
0.0,5.0,0.0,3.0,3.0,2.0,1.0,13.0,24.28,12.54,3814.78,0.1,64.0,0.08,211.93,304.31,27.0,37.0,14.0,13.0,16.0,1
0.0,5.0,0.0,3.0,3.0,2.0,1.0,13.0,24.28,12.54,3814.78,0.1,64.0,0.08,211.93,304.31,27.0,37.0,14.0,13.0,16.0,1
1.0,5.0,0.0,0.0,3.0,2.0,3.0,15.0,14.06,13.0,2376.88,0.06,41.0,0.08,132.05,182.84,18.0,23.0,9.0,13.0,18.0,0
1.0,5.0,0.0,0.0,3.0,2.0,3.0,15.0,14.06,13.0,2376.88,0.06,41.0,0.08,132.05,182.84,18.0,23.0,9.0,13.0,18.0,0
3.0,5.0,0.0,4.0,3.0,2.0,1.0,17.0,21.06,16.67,5848.95,0.12,73.0,0.06,324.94,350.94,25.0,48.0,12.0,16.0,26.0,0
2.0,7.0,0.0,0.0,4.0,1.0,1.0,17.0,11.95,14.57,2537.83,0.06,41.0,0.07,140.99,174.17,17.0,24.0,7.0,12.0,21.0,0
2.0,7.0,0.0,0.0,4.0,1.0,1.0,17.0,11.95,14.57,2537.83,0.06,41.0,0.07,140.99,174.17,17.0,24.0,7.0,12.0,21.0,0
2.0,7.0,0.0,0.0,4.0,1.0,1.0,17.0,11.95,14.57,2537.83,0.06,41.0,0.07,140.99,174.17,17.0,24.0,7.0,12.0,21.0,0
2.0,7.0,0.0,6.0,4.0,3.0,1.0,16.0,11.2,18.2,3710.99,0.07,48.0,0.05,206.17,203.9,13.0,35.0,5.0,14.0,16.0,0
2.0,7.0,0.0,6.0,4.0,3.0,1.0,16.0,11.2,18.2,3710.99,0.07,48.0,0.05,206.17,203.9,13.0,35.0,5.0,14.0,16.0,0
2.0,7.0,0.0,0.0,4.0,2.0,1.0,15.0,12.41,13.93,2407.93,0.06,40.0,0.07,133.77,172.88,15.0,25.0,7.0,13.0,19.0,0
2.0,7.0,0.0,0.0,4.0,2.0,1.0,15.0,12.41,13.93,2407.93,0.06,40.0,0.07,133.77,172.88,15.0,25.0,7.0,13.0,19.0,0
2.0,7.0,0.0,0.0,4.0,2.0,1.0,15.0,12.41,13.93,2407.93,0.06,40.0,0.07,133.77,172.88,15.0,25.0,7.0,13.0,19.0,0
3.0,7.0,0.0,0.0,4.0,2.0,1.0,9.0,15.54,13.2,2707.77,0.07,46.0,0.08,150.43,205.13,22.0,24.0,10.0,12.0,14.0,0
3.0,7.0,0.0,0.0,4.0,2.0,1.0,9.0,15.54,13.2,2707.77,0.07,46.0,0.08,150.43,205.13,22.0,24.0,10.0,12.0,14.0,0
3.0,7.0,0.0,0.0,4.0,2.0,1.0,9.0,15.54,13.2,2707.77,0.07,46.0,0.08,150.43,205.13,22.0,24.0,10.0,12.0,14.0,0
3.0,5.0,0.0,0.0,3.0,2.0,1.0,14.0,15.74,12.0,2266.44,0.06,43.0,0.08,125.91,188.87,18.0,25.0,9.0,12.0,19.0,0
3.0,5.0,0.0,0.0,3.0,2.0,1.0,14.0,15.74,12.0,2266.44,0.06,43.0,0.08,125.91,188.87,18.0,25.0,9.0,12.0,19.0,0
3.0,5.0,0.0,0.0,3.0,2.0,1.0,14.0,15.74,12.0,2266.44,0.06,43.0,0.08,125.91,188.87,18.0,25.0,9.0,12.0,19.0,0
5.0,7.0,0.0,0.0,4.0,2.0,1.0,14.0,16.78,11.05,2049.4,0.06,41.0,0.09,113.86,185.47,17.0,24.0,10.0,13.0,21.0,0
5.0,7.0,0.0,0.0,4.0,2.0,1.0,14.0,16.78,11.05,2049.4,0.06,41.0,0.09,113.86,185.47,17.0,24.0,10.0,13.0,21.0,0
5.0,7.0,0.0,0.0,4.0,2.0,1.0,14.0,16.78,11.05,2049.4,0.06,41.0,0.09,113.86,185.47,17.0,24.0,10.0,13.0,21.0,0
6.0,11.0,13.0,2.0,6.0,4.0,4.0,11.0,43.15,6.37,1749.95,0.09,56.0,0.16,97.22,274.79,22.0,34.0,19.0,11.0,24.0,0
0.0,9.0,0.0,0.0,5.0,1.0,1.0,9.0,10.31,16.0,2638.53,0.05,46.0,0.06,146.59,164.91,16.0,30.0,4.0,8.0,11.0,1
0.0,9.0,0.0,0.0,5.0,1.0,1.0,9.0,10.31,16.0,2638.53,0.05,46.0,0.06,146.59,164.91,16.0,30.0,4.0,8.0,11.0,1
0.0,9.0,0.0,0.0,5.0,1.0,1.0,9.0,10.31,16.0,2638.53,0.05,46.0,0.06,146.59,164.91,16.0,30.0,4.0,8.0,11.0,1
1.0,7.0,0.0,1.0,4.0,1.0,1.0,11.0,14.63,13.06,2496.98,0.06,45.0,0.08,138.72,191.16,19.0,26.0,8.0,11.0,16.0,0
1.0,7.0,0.0,1.0,4.0,1.0,1.0,11.0,14.63,13.06,2496.98,0.06,45.0,0.08,138.72,191.16,19.0,26.0,8.0,11.0,16.0,0
1.0,1.0,0.0,0.0,1.0,1.0,1.0,4.0,16.73,3.6,216.82,0.02,19.0,0.28,12.05,60.23,9.0,10.0,5.0,4.0,4.0,0
1.0,1.0,0.0,0.0,1.0,1.0,1.0,4.0,16.73,3.6,216.82,0.02,19.0,0.28,12.05,60.23,9.0,10.0,5.0,4.0,4.0,0
1.0,1.0,0.0,0.0,1.0,1.0,1.0,4.0,16.73,3.6,216.82,0.02,19.0,0.28,12.05,60.23,9.0,10.0,5.0,4.0,4.0,0
1.0,1.0,0.0,0.0,1.0,1.0,1.0,4.0,16.73,3.6,216.82,0.02,19.0,0.28,12.05,60.23,9.0,10.0,5.0,4.0,4.0,0
1.0,1.0,0.0,0.0,1.0,1.0,1.0,4.0,16.73,3.6,216.82,0.02,19.0,0.28,12.05,60.23,9.0,10.0,5.0,4.0,4.0,0
1.0,1.0,0.0,0.0,1.0,1.0,1.0,4.0,16.73,3.6,216.82,0.02,19.0,0.28,12.05,60.23,9.0,10.0,5.0,4.0,4.0,0
2.0,7.0,0.0,0.0,4.0,4.0,1.0,16.0,14.61,15.33,3434.79,0.07,51.0,0.07,190.82,224.01,23.0,28.0,9.0,12.0,20.0,1
5.0,9.0,0.0,2.0,5.0,1.0,1.0,11.0,18.8,14.0,3685.14,0.09,56.0,0.07,204.73,263.22,24.0,32.0,12.0,14.0,20.0,0
5.0,9.0,0.0,2.0,5.0,1.0,1.0,11.0,18.8,14.0,3685.14,0.09,56.0,0.07,204.73,263.22,24.0,32.0,12.0,14.0,20.0,0
5.0,9.0,0.0,2.0,5.0,1.0,1.0,11.0,18.8,14.0,3685.14,0.09,56.0,0.07,204.73,263.22,24.0,32.0,12.0,14.0,20.0,0
3.0,9.0,0.0,3.0,5.0,2.0,1.0,18.0,19.2,12.83,3161.49,0.08,57.0,0.08,175.64,246.35,21.0,36.0,9.0,11.0,26.0,0
3.0,9.0,0.0,3.0,5.0,2.0,1.0,18.0,19.2,12.83,3161.49,0.08,57.0,0.08,175.64,246.35,21.0,36.0,9.0,11.0,26.0,0
3.0,9.0,0.0,3.0,5.0,2.0,1.0,18.0,19.2,12.83,3161.49,0.08,57.0,0.08,175.64,246.35,21.0,36.0,9.0,11.0,26.0,0
3.0,9.0,0.0,4.0,5.0,1.0,1.0,18.0,17.99,13.0,3039.83,0.08,51.0,0.08,168.88,233.83,22.0,29.0,11.0,13.0,18.0,0
1.0,1.0,0.0,0.0,1.0,1.0,1.0,7.0,16.73,3.6,216.82,0.02,19.0,0.28,12.05,60.23,9.0,10.0,5.0,4.0,10.0,0
3.0,5.0,0.0,15.0,3.0,2.0,1.0,16.0,20.14,12.83,3317.73,0.09,55.0,0.08,184.32,258.51,22.0,33.0,12.0,14.0,16.0,1
2.0,7.0,0.0,0.0,4.0,4.0,1.0,15.0,20.42,9.6,1881.47,0.07,47.0,0.1,104.53,195.99,24.0,23.0,10.0,8.0,19.0,0
2.0,7.0,0.0,0.0,4.0,4.0,1.0,15.0,20.42,9.6,1881.47,0.07,47.0,0.1,104.53,195.99,24.0,23.0,10.0,8.0,19.0,0
2.0,7.0,0.0,0.0,4.0,4.0,1.0,15.0,20.42,9.6,1881.47,0.07,47.0,0.1,104.53,195.99,24.0,23.0,10.0,8.0,19.0,0
1.0,7.0,1.0,0.0,4.0,3.0,1.0,17.0,23.2,11.14,2880.7,0.09,55.0,0.09,160.04,258.51,26.0,29.0,14.0,12.0,22.0,0
2.0,6.0,0.0,0.0,5.0,2.0,1.0,12.0,25.45,9.15,2132.75,0.08,49.0,0.11,118.49,232.99,17.0,32.0,13.0,14.0,12.0,0
2.0,6.0,0.0,0.0,5.0,2.0,1.0,12.0,25.45,9.15,2132.75,0.08,49.0,0.11,118.49,232.99,17.0,32.0,13.0,14.0,12.0,0
2.0,6.0,0.0,0.0,5.0,2.0,1.0,12.0,25.45,9.15,2132.75,0.08,49.0,0.11,118.49,232.99,17.0,32.0,13.0,14.0,12.0,0
2.0,7.0,0.0,2.0,4.0,4.0,1.0,20.0,21.35,11.67,2906.44,0.08,53.0,0.09,161.47,249.12,20.0,33.0,12.0,14.0,26.0,0
2.0,7.0,0.0,2.0,4.0,4.0,1.0,20.0,21.35,11.67,2906.44,0.08,53.0,0.09,161.47,249.12,20.0,33.0,12.0,14.0,26.0,0
2.0,7.0,0.0,2.0,4.0,4.0,1.0,20.0,21.35,11.67,2906.44,0.08,53.0,0.09,161.47,249.12,20.0,33.0,12.0,14.0,26.0,0
1.0,7.0,0.0,5.0,4.0,2.0,3.0,19.0,26.76,11.0,3238.55,0.1,60.0,0.09,179.92,294.41,22.0,38.0,15.0,15.0,27.0,0
2.0,7.0,0.0,0.0,4.0,2.0,1.0,16.0,19.01,9.78,1817.13,0.06,43.0,0.1,100.95,185.84,16.0,27.0,9.0,11.0,20.0,1
2.0,7.0,0.0,0.0,4.0,2.0,1.0,16.0,19.01,9.78,1817.13,0.06,43.0,0.1,100.95,185.84,16.0,27.0,9.0,11.0,20.0,1
2.0,7.0,0.0,0.0,4.0,2.0,1.0,16.0,19.01,9.78,1817.13,0.06,43.0,0.1,100.95,185.84,16.0,27.0,9.0,11.0,20.0,1
2.0,5.0,0.0,0.0,3.0,3.0,1.0,24.0,15.94,10.2,1658.45,0.05,47.0,0.1,92.14,162.59,17.0,30.0,5.0,6.0,28.0,0
2.0,5.0,0.0,0.0,3.0,3.0,1.0,24.0,15.94,10.2,1658.45,0.05,47.0,0.1,92.14,162.59,17.0,30.0,5.0,6.0,28.0,0
2.0,5.0,0.0,0.0,3.0,3.0,1.0,24.0,15.94,10.2,1658.45,0.05,47.0,0.1,92.14,162.59,17.0,30.0,5.0,6.0,28.0,0
2.0,7.0,0.0,1.0,4.0,4.0,1.0,18.0,25.9,7.89,1613.77,0.07,43.0,0.13,89.65,204.46,17.0,26.0,14.0,13.0,23.0,0
1.0,9.0,0.0,1.0,5.0,5.0,1.0,18.0,23.13,6.75,1053.69,0.05,41.0,0.15,58.54,156.1,18.0,23.0,8.0,6.0,22.0,0
1.0,9.0,0.0,1.0,5.0,5.0,1.0,18.0,23.13,6.75,1053.69,0.05,41.0,0.15,58.54,156.1,18.0,23.0,8.0,6.0,22.0,0
1.0,9.0,0.0,1.0,5.0,5.0,1.0,18.0,23.13,6.75,1053.69,0.05,41.0,0.15,58.54,156.1,18.0,23.0,8.0,6.0,22.0,0
2.0,11.0,0.0,3.0,6.0,6.0,1.0,27.0,33.91,7.13,1721.24,0.08,55.0,0.14,95.62,241.58,19.0,36.0,12.0,9.0,34.0,0
2.0,11.0,0.0,3.0,6.0,6.0,1.0,27.0,33.91,7.13,1721.24,0.08,55.0,0.14,95.62,241.58,19.0,36.0,12.0,9.0,34.0,0
2.0,11.0,0.0,3.0,6.0,6.0,1.0,27.0,33.91,7.13,1721.24,0.08,55.0,0.14,95.62,241.58,19.0,36.0,12.0,9.0,34.0,0
3.0,7.0,1.0,1.0,4.0,4.0,3.0,14.0,31.39,6.33,1259.12,0.07,46.0,0.16,69.95,198.81,19.0,27.0,12.0,8.0,15.0,0
3.0,7.0,1.0,1.0,4.0,4.0,3.0,14.0,31.39,6.33,1259.12,0.07,46.0,0.16,69.95,198.81,19.0,27.0,12.0,8.0,15.0,0
3.0,7.0,1.0,1.0,4.0,4.0,3.0,14.0,31.39,6.33,1259.12,0.07,46.0,0.16,69.95,198.81,19.0,27.0,12.0,8.0,15.0,0
3.0,7.0,1.0,1.0,4.0,4.0,3.0,14.0,31.39,6.33,1259.12,0.07,46.0,0.16,69.95,198.81,19.0,27.0,12.0,8.0,15.0,0
1.0,7.0,0.0,3.0,4.0,4.0,1.0,12.0,24.3,8.18,1626.62,0.07,46.0,0.12,90.37,198.81,20.0,26.0,11.0,9.0,18.0,0
1.0,7.0,0.0,3.0,4.0,4.0,1.0,12.0,24.3,8.18,1626.62,0.07,46.0,0.12,90.37,198.81,20.0,26.0,11.0,9.0,18.0,0
1.0,7.0,0.0,3.0,4.0,4.0,1.0,12.0,24.3,8.18,1626.62,0.07,46.0,0.12,90.37,198.81,20.0,26.0,11.0,9.0,18.0,0
3.0,5.0,0.0,15.0,3.0,2.0,1.0,16.0,20.14,12.83,3317.73,0.09,55.0,0.08,184.32,258.51,22.0,33.0,12.0,14.0,16.0,1
36.0,1.0,0.0,24.0,1.0,1.0,1.0,46.0,515.21,2.2,2499.34,0.38,178.0,0.45,138.85,1134.76,87.0,91.0,79.0,4.0,108.0,1
36.0,1.0,0.0,24.0,1.0,1.0,1.0,46.0,515.21,2.2,2499.34,0.38,178.0,0.45,138.85,1134.76,87.0,91.0,79.0,4.0,108.0,1
36.0,1.0,0.0,24.0,1.0,1.0,1.0,46.0,515.21,2.2,2499.34,0.38,178.0,0.45,138.85,1134.76,87.0,91.0,79.0,4.0,108.0,1
21.0,5.0,0.0,11.0,3.0,2.0,1.0,15.0,15.95,8.57,1172.07,0.05,35.0,0.12,65.11,136.74,15.0,20.0,7.0,8.0,49.0,1
21.0,5.0,0.0,11.0,3.0,2.0,1.0,15.0,15.95,8.57,1172.07,0.05,35.0,0.12,65.11,136.74,15.0,20.0,7.0,8.0,49.0,1
21.0,5.0,0.0,11.0,3.0,2.0,1.0,15.0,15.95,8.57,1172.07,0.05,35.0,0.12,65.11,136.74,15.0,20.0,7.0,8.0,49.0,1
7.0,5.0,0.0,11.0,3.0,3.0,3.0,14.0,53.87,4.0,861.97,0.07,47.0,0.25,47.89,215.49,16.0,31.0,16.0,8.0,34.0,0
7.0,5.0,0.0,11.0,3.0,3.0,3.0,14.0,53.87,4.0,861.97,0.07,47.0,0.25,47.89,215.49,16.0,31.0,16.0,8.0,34.0,0
7.0,5.0,0.0,11.0,3.0,3.0,3.0,14.0,53.87,4.0,861.97,0.07,47.0,0.25,47.89,215.49,16.0,31.0,16.0,8.0,34.0,0
5.0,7.0,0.0,13.0,4.0,4.0,3.0,16.0,49.83,4.27,907.12,0.07,47.0,0.23,50.4,212.61,16.0,31.0,15.0,8.0,36.0,0
5.0,7.0,0.0,13.0,4.0,4.0,3.0,16.0,49.83,4.27,907.12,0.07,47.0,0.23,50.4,212.61,16.0,31.0,15.0,8.0,36.0,0
5.0,7.0,0.0,13.0,4.0,4.0,3.0,16.0,49.83,4.27,907.12,0.07,47.0,0.23,50.4,212.61,16.0,31.0,15.0,8.0,36.0,0
8.0,11.0,0.0,4.0,6.0,1.0,6.0,9.0,27.28,5.88,944.71,0.05,36.0,0.17,52.48,160.54,17.0,19.0,13.0,9.0,23.0,1
8.0,11.0,0.0,4.0,6.0,1.0,6.0,9.0,27.28,5.88,944.71,0.05,36.0,0.17,52.48,160.54,17.0,19.0,13.0,9.0,23.0,1
8.0,11.0,0.0,4.0,6.0,1.0,6.0,9.0,27.28,5.88,944.71,0.05,36.0,0.17,52.48,160.54,17.0,19.0,13.0,9.0,23.0,1
2.0,7.0,0.0,5.0,4.0,2.0,4.0,14.0,39.63,5.63,1253.84,0.07,48.0,0.18,69.66,222.91,20.0,28.0,16.0,9.0,24.0,1
3.0,9.0,0.0,0.0,5.0,4.0,4.0,15.0,25.21,6.91,1203.32,0.06,41.0,0.14,66.85,174.17,19.0,22.0,11.0,8.0,20.0,1
3.0,9.0,0.0,0.0,5.0,4.0,4.0,15.0,25.21,6.91,1203.32,0.06,41.0,0.14,66.85,174.17,19.0,22.0,11.0,8.0,20.0,1
3.0,9.0,0.0,0.0,5.0,4.0,4.0,15.0,25.21,6.91,1203.32,0.06,41.0,0.14,66.85,174.17,19.0,22.0,11.0,8.0,20.0,1
1.0,11.0,2.0,0.0,6.0,5.0,4.0,12.0,32.4,5.33,922.01,0.06,40.0,0.19,51.22,172.88,16.0,24.0,12.0,8.0,14.0,1
1.0,11.0,2.0,0.0,6.0,5.0,4.0,12.0,32.4,5.33,922.01,0.06,40.0,0.19,51.22,172.88,16.0,24.0,12.0,8.0,14.0,1
1.0,11.0,2.0,0.0,6.0,5.0,4.0,12.0,32.4,5.33,922.01,0.06,40.0,0.19,51.22,172.88,16.0,24.0,12.0,8.0,14.0,1
3.0,5.0,0.0,0.0,3.0,1.0,3.0,11.0,11.64,13.0,1966.48,0.05,35.0,0.08,109.25,151.27,14.0,21.0,7.0,13.0,14.0,0
2.0,7.0,0.0,6.0,4.0,3.0,1.0,16.0,11.2,18.2,3710.99,0.07,48.0,0.05,206.17,203.9,13.0,35.0,5.0,14.0,16.0,0
6.0,5.0,0.0,18.0,3.0,3.0,1.0,23.0,34.08,11.19,4270.38,0.13,77.0,0.09,237.24,381.47,31.0,46.0,18.0,13.0,23.0,0
6.0,5.0,0.0,18.0,3.0,3.0,1.0,23.0,34.08,11.19,4270.38,0.13,77.0,0.09,237.24,381.47,31.0,46.0,18.0,13.0,23.0,0
6.0,5.0,0.0,18.0,3.0,3.0,1.0,23.0,34.08,11.19,4270.38,0.13,77.0,0.09,237.24,381.47,31.0,46.0,18.0,13.0,23.0,0
2.0,5.0,0.0,4.0,3.0,2.0,3.0,14.0,24.12,13.5,4395.57,0.11,64.0,0.07,244.2,325.6,24.0,40.0,16.0,18.0,22.0,1
2.0,5.0,0.0,4.0,3.0,2.0,3.0,14.0,24.12,13.5,4395.57,0.11,64.0,0.07,244.2,325.6,24.0,40.0,16.0,18.0,22.0,1
2.0,5.0,0.0,4.0,3.0,2.0,3.0,14.0,24.12,13.5,4395.57,0.11,64.0,0.07,244.2,325.6,24.0,40.0,16.0,18.0,22.0,1
2.0,5.0,0.0,5.0,3.0,2.0,3.0,12.0,21.13,14.54,4465.64,0.1,62.0,0.07,248.09,307.16,21.0,41.0,13.0,18.0,21.0,0
3.0,7.0,1.0,4.0,4.0,1.0,3.0,14.0,11.24,16.25,2968.24,0.06,43.0,0.06,164.9,182.66,15.0,28.0,6.0,13.0,25.0,0
15.0,1.0,0.0,29.0,1.0,1.0,1.0,17.0,117.18,2.67,833.27,0.1,65.0,0.38,46.29,312.48,32.0,33.0,24.0,4.0,17.0,0
15.0,1.0,0.0,29.0,1.0,1.0,1.0,17.0,117.18,2.67,833.27,0.1,65.0,0.38,46.29,312.48,32.0,33.0,24.0,4.0,17.0,0
15.0,1.0,0.0,29.0,1.0,1.0,1.0,17.0,117.18,2.67,833.27,0.1,65.0,0.38,46.29,312.48,32.0,33.0,24.0,4.0,17.0,0
15.0,1.0,0.0,29.0,1.0,1.0,1.0,17.0,117.18,2.67,833.27,0.1,65.0,0.38,46.29,312.48,32.0,33.0,24.0,4.0,17.0,0
0.0,3.0,1.0,0.0,2.0,1.0,1.0,5.0,5.2,7.5,292.5,0.01,13.0,0.13,16.25,39.0,5.0,8.0,2.0,6.0,6.0,0
0.0,3.0,1.0,0.0,2.0,1.0,1.0,5.0,5.2,7.5,292.5,0.01,13.0,0.13,16.25,39.0,5.0,8.0,2.0,6.0,6.0,0
0.0,3.0,1.0,0.0,2.0,1.0,1.0,5.0,5.2,7.5,292.5,0.01,13.0,0.13,16.25,39.0,5.0,8.0,2.0,6.0,6.0,0
3.0,7.0,1.0,4.0,4.0,1.0,3.0,14.0,11.24,16.25,2968.24,0.06,43.0,0.06,164.9,182.66,15.0,28.0,6.0,13.0,25.0,0
3.0,7.0,1.0,4.0,4.0,1.0,3.0,14.0,11.24,16.25,2968.24,0.06,43.0,0.06,164.9,182.66,15.0,28.0,6.0,13.0,25.0,0
30.0,111.0,3.0,15.0,56.0,33.0,12.0,192.0,180.19,25.61,118171.02,1.54,631.0,0.04,6565.06,4614.43,262.0,369.0,133.0,26.0,242.0,1
30.0,111.0,3.0,15.0,56.0,33.0,12.0,192.0,180.19,25.61,118171.02,1.54,631.0,0.04,6565.06,4614.43,262.0,369.0,133.0,26.0,242.0,1
30.0,111.0,3.0,15.0,56.0,33.0,12.0,192.0,180.19,25.61,118171.02,1.54,631.0,0.04,6565.06,4614.43,262.0,369.0,133.0,26.0,242.0,1
5.0,11.0,0.0,5.0,6.0,2.0,6.0,12.0,22.54,11.54,3000.65,0.09,56.0,0.09,166.7,260.06,25.0,31.0,13.0,12.0,24.0,0
5.0,11.0,0.0,5.0,6.0,2.0,6.0,12.0,22.54,11.54,3000.65,0.09,56.0,0.09,166.7,260.06,25.0,31.0,13.0,12.0,24.0,0
5.0,11.0,0.0,5.0,6.0,2.0,6.0,12.0,22.54,11.54,3000.65,0.09,56.0,0.09,166.7,260.06,25.0,31.0,13.0,12.0,24.0,0
21.0,113.0,0.0,30.0,57.0,40.0,47.0,122.0,132.52,30.46,122973.42,1.35,605.0,0.03,6831.86,4036.82,235.0,370.0,81.0,21.0,175.0,1
4.0,1.0,0.0,0.0,1.0,1.0,1.0,10.0,12.82,20.9,5601.2,0.09,67.0,0.05,311.18,268.0,19.0,48.0,5.0,11.0,16.0,0
4.0,1.0,0.0,0.0,1.0,1.0,1.0,10.0,12.82,20.9,5601.2,0.09,67.0,0.05,311.18,268.0,19.0,48.0,5.0,11.0,16.0,0
3.0,3.0,0.0,0.0,2.0,2.0,1.0,16.0,16.23,14.58,3453.74,0.08,64.0,0.07,191.87,236.83,25.0,39.0,6.0,7.0,21.0,0
3.0,3.0,0.0,0.0,2.0,2.0,1.0,16.0,16.23,14.58,3453.74,0.08,64.0,0.07,191.87,236.83,25.0,39.0,6.0,7.0,21.0,0
5.0,223.0,0.0,4.0,112.0,112.0,112.0,78.0,275.77,20.44,115197.41,1.88,864.0,0.05,6399.86,5636.36,301.0,563.0,81.0,11.0,89.0,0
5.0,223.0,0.0,4.0,112.0,112.0,112.0,78.0,275.77,20.44,115197.41,1.88,864.0,0.05,6399.86,5636.36,301.0,563.0,81.0,11.0,89.0,0
5.0,223.0,0.0,4.0,112.0,112.0,112.0,78.0,275.77,20.44,115197.41,1.88,864.0,0.05,6399.86,5636.36,301.0,563.0,81.0,11.0,89.0,0
1.0,3.0,0.0,0.0,2.0,2.0,1.0,17.0,20.61,13.0,3483.47,0.09,62.0,0.08,193.53,267.96,26.0,36.0,10.0,10.0,20.0,0
1.0,1.0,1.0,0.0,1.0,1.0,1.0,5.0,22.14,2.5,138.38,0.02,16.0,0.4,7.69,55.35,6.0,10.0,6.0,5.0,9.0,0
1.0,1.0,1.0,0.0,1.0,1.0,1.0,5.0,22.14,2.5,138.38,0.02,16.0,0.4,7.69,55.35,6.0,10.0,6.0,5.0,9.0,0
1.0,1.0,1.0,0.0,1.0,1.0,1.0,5.0,22.14,2.5,138.38,0.02,16.0,0.4,7.69,55.35,6.0,10.0,6.0,5.0,9.0,0
6.0,7.0,0.0,9.0,4.0,4.0,4.0,13.0,38.54,9.6,3552.0,0.12,74.0,0.1,197.33,370.0,32.0,42.0,20.0,12.0,30.0,0
3.0,7.0,0.0,0.0,4.0,2.0,3.0,9.0,9.93,16.25,2623.1,0.05,38.0,0.06,145.73,161.42,15.0,23.0,6.0,13.0,14.0,1
6.0,7.0,0.0,9.0,4.0,4.0,4.0,13.0,38.54,9.6,3552.0,0.12,74.0,0.1,197.33,370.0,32.0,42.0,20.0,12.0,30.0,0
3.0,5.0,0.0,0.0,3.0,2.0,1.0,17.0,22.3,10.0,2229.72,0.07,50.0,0.1,123.87,222.97,20.0,30.0,11.0,11.0,22.0,0
3.0,9.0,0.0,0.0,5.0,2.0,4.0,16.0,18.32,17.31,5487.73,0.11,64.0,0.06,304.87,317.07,25.0,39.0,13.0,18.0,21.0,0
1.0,5.0,0.0,0.0,3.0,3.0,1.0,11.0,25.1,10.23,2626.89,0.09,54.0,0.1,145.94,256.76,19.0,35.0,13.0,14.0,14.0,0
3.0,5.0,0.0,0.0,3.0,2.0,1.0,17.0,22.74,10.0,2274.31,0.08,51.0,0.1,126.35,227.43,20.0,31.0,11.0,11.0,22.0,0
3.0,5.0,0.0,0.0,3.0,2.0,1.0,17.0,22.74,10.0,2274.31,0.08,51.0,0.1,126.35,227.43,20.0,31.0,11.0,11.0,22.0,0
4.0,5.0,0.0,1.0,3.0,2.0,1.0,15.0,25.15,9.23,2143.32,0.08,50.0,0.11,119.07,232.19,20.0,30.0,13.0,12.0,22.0,0
4.0,5.0,0.0,1.0,3.0,2.0,1.0,15.0,25.15,9.23,2143.32,0.08,50.0,0.11,119.07,232.19,20.0,30.0,13.0,12.0,22.0,0
4.0,5.0,0.0,1.0,3.0,2.0,1.0,15.0,25.15,9.23,2143.32,0.08,50.0,0.11,119.07,232.19,20.0,30.0,13.0,12.0,22.0,0
5.0,5.0,0.0,3.0,3.0,3.0,1.0,14.0,24.13,9.5,2177.86,0.08,50.0,0.11,120.99,229.25,19.0,31.0,12.0,12.0,24.0,1
5.0,5.0,0.0,3.0,3.0,3.0,1.0,14.0,24.13,9.5,2177.86,0.08,50.0,0.11,120.99,229.25,19.0,31.0,12.0,12.0,24.0,1
5.0,5.0,0.0,3.0,3.0,3.0,1.0,14.0,24.13,9.5,2177.86,0.08,50.0,0.11,120.99,229.25,19.0,31.0,12.0,12.0,24.0,1
4.0,5.0,0.0,2.0,3.0,3.0,1.0,13.0,24.02,9.0,1945.98,0.07,46.0,0.11,108.11,216.22,18.0,28.0,13.0,13.0,22.0,0
0.0,15.0,0.0,0.0,8.0,5.0,6.0,15.0,16.64,8.94,1328.8,0.05,35.0,0.11,73.82,148.68,13.0,22.0,8.0,11.0,17.0,0
0.0,15.0,0.0,0.0,8.0,5.0,6.0,15.0,16.64,8.94,1328.8,0.05,35.0,0.11,73.82,148.68,13.0,22.0,8.0,11.0,17.0,0
0.0,15.0,0.0,0.0,8.0,5.0,6.0,15.0,16.64,8.94,1328.8,0.05,35.0,0.11,73.82,148.68,13.0,22.0,8.0,11.0,17.0,0
2.0,7.0,0.0,0.0,4.0,2.0,3.0,10.0,19.89,10.4,2150.92,0.07,44.0,0.1,119.5,206.82,13.0,31.0,10.0,16.0,14.0,0
3.0,5.0,0.0,0.0,3.0,3.0,1.0,14.0,20.59,9.8,1977.04,0.07,44.0,0.1,109.84,201.74,14.0,30.0,10.0,14.0,17.0,0
3.0,5.0,0.0,0.0,3.0,3.0,1.0,14.0,20.59,9.8,1977.04,0.07,44.0,0.1,109.84,201.74,14.0,30.0,10.0,14.0,17.0,0
3.0,5.0,0.0,0.0,3.0,3.0,1.0,14.0,20.59,9.8,1977.04,0.07,44.0,0.1,109.84,201.74,14.0,30.0,10.0,14.0,17.0,0
3.0,5.0,0.0,0.0,3.0,3.0,1.0,17.0,21.09,10.0,2109.08,0.07,46.0,0.1,117.17,210.91,20.0,26.0,12.0,12.0,22.0,1
3.0,5.0,0.0,0.0,3.0,3.0,1.0,17.0,21.09,10.0,2109.08,0.07,46.0,0.1,117.17,210.91,20.0,26.0,12.0,12.0,22.0,1
3.0,5.0,0.0,0.0,3.0,3.0,1.0,17.0,21.09,10.0,2109.08,0.07,46.0,0.1,117.17,210.91,20.0,26.0,12.0,12.0,22.0,1
2.0,11.0,0.0,0.0,6.0,4.0,6.0,19.0,20.48,16.67,5688.7,0.11,71.0,0.06,316.04,341.32,25.0,46.0,12.0,16.0,23.0,0
2.0,1.0,0.0,0.0,1.0,1.0,1.0,6.0,13.44,4.0,215.1,0.02,15.0,0.25,11.95,53.77,4.0,11.0,4.0,8.0,11.0,0
2.0,11.0,0.0,0.0,6.0,4.0,6.0,19.0,20.48,16.67,5688.7,0.11,71.0,0.06,316.04,341.32,25.0,46.0,12.0,16.0,23.0,0
3.0,5.0,0.0,0.0,3.0,2.0,1.0,17.0,22.74,10.0,2274.31,0.08,51.0,0.1,126.35,227.43,20.0,31.0,11.0,11.0,22.0,0
2.0,1.0,0.0,0.0,1.0,1.0,1.0,6.0,13.44,4.0,215.1,0.02,15.0,0.25,11.95,53.77,4.0,11.0,4.0,8.0,11.0,0
2.0,1.0,0.0,0.0,1.0,1.0,1.0,6.0,12.33,4.8,284.19,0.02,16.0,0.21,15.79,59.21,6.0,10.0,5.0,8.0,10.0,0
3.0,5.0,0.0,15.0,3.0,2.0,1.0,16.0,20.14,12.83,3317.73,0.09,55.0,0.08,184.32,258.51,22.0,33.0,12.0,14.0,16.0,1
2.0,7.0,0.0,2.0,4.0,4.0,1.0,15.0,21.83,8.25,1485.7,0.06,41.0,0.12,82.54,180.09,15.0,26.0,10.0,11.0,21.0,1
2.0,7.0,0.0,2.0,4.0,4.0,1.0,15.0,21.83,8.25,1485.7,0.06,41.0,0.12,82.54,180.09,15.0,26.0,10.0,11.0,21.0,1
2.0,7.0,0.0,2.0,4.0,4.0,1.0,15.0,21.83,8.25,1485.7,0.06,41.0,0.12,82.54,180.09,15.0,26.0,10.0,11.0,21.0,1
3.0,11.0,0.0,0.0,6.0,1.0,5.0,12.0,14.39,10.29,1522.29,0.05,37.0,0.1,84.57,148.0,16.0,21.0,7.0,9.0,17.0,0
3.0,7.0,0.0,2.0,4.0,3.0,1.0,15.0,25.89,8.25,1762.34,0.07,46.0,0.12,97.91,213.62,21.0,25.0,14.0,11.0,15.0,0
3.0,7.0,0.0,4.0,4.0,3.0,1.0,16.0,28.82,6.75,1312.96,0.06,43.0,0.15,72.94,194.51,21.0,22.0,14.0,9.0,16.0,0
3.0,7.0,0.0,4.0,4.0,3.0,1.0,16.0,28.82,6.75,1312.96,0.06,43.0,0.15,72.94,194.51,21.0,22.0,14.0,9.0,16.0,0
3.0,7.0,0.0,4.0,4.0,3.0,1.0,16.0,28.82,6.75,1312.96,0.06,43.0,0.15,72.94,194.51,21.0,22.0,14.0,9.0,16.0,0
2.0,5.0,0.0,1.0,3.0,3.0,1.0,10.0,23.28,10.05,2348.96,0.08,51.0,0.1,130.5,233.83,17.0,34.0,11.0,13.0,15.0,0
2.0,5.0,0.0,1.0,3.0,3.0,1.0,10.0,23.28,10.05,2348.96,0.08,51.0,0.1,130.5,233.83,17.0,34.0,11.0,13.0,15.0,0
2.0,5.0,0.0,1.0,3.0,3.0,1.0,10.0,23.28,10.05,2348.96,0.08,51.0,0.1,130.5,233.83,17.0,34.0,11.0,13.0,15.0,0
4.0,3.0,0.0,3.0,2.0,2.0,1.0,12.0,32.46,8.53,2362.35,0.09,57.0,0.12,131.24,276.9,21.0,36.0,16.0,13.0,21.0,0
4.0,3.0,0.0,3.0,2.0,2.0,1.0,12.0,32.46,8.53,2362.35,0.09,57.0,0.12,131.24,276.9,21.0,36.0,16.0,13.0,21.0,0
4.0,3.0,0.0,3.0,2.0,2.0,1.0,12.0,32.46,8.53,2362.35,0.09,57.0,0.12,131.24,276.9,21.0,36.0,16.0,13.0,21.0,0
3.0,5.0,0.0,2.0,3.0,3.0,1.0,10.0,19.5,12.92,3256.73,0.08,53.0,0.08,180.93,252.01,24.0,29.0,13.0,14.0,17.0,0
3.0,5.0,0.0,2.0,3.0,3.0,1.0,10.0,19.5,12.92,3256.73,0.08,53.0,0.08,180.93,252.01,24.0,29.0,13.0,14.0,17.0,0
0.0,1.0,0.0,0.0,1.0,1.0,1.0,4.0,35.2,2.73,261.82,0.03,24.0,0.37,14.55,96.0,12.0,12.0,11.0,5.0,6.0,0
0.0,1.0,0.0,0.0,1.0,1.0,1.0,4.0,35.2,2.73,261.82,0.03,24.0,0.37,14.55,96.0,12.0,12.0,11.0,5.0,6.0,0
1.0,9.0,0.0,0.0,5.0,5.0,1.0,13.0,14.65,18.18,4841.34,0.09,56.0,0.06,268.96,266.27,25.0,31.0,11.0,16.0,16.0,0
0.0,1.0,1.0,0.0,1.0,1.0,1.0,8.0,57.66,1.5,129.72,0.03,25.0,0.67,7.21,86.49,8.0,17.0,8.0,3.0,11.0,0
0.0,1.0,1.0,0.0,1.0,1.0,1.0,8.0,57.66,1.5,129.72,0.03,25.0,0.67,7.21,86.49,8.0,17.0,8.0,3.0,11.0,0
0.0,1.0,1.0,0.0,1.0,1.0,1.0,8.0,57.66,1.5,129.72,0.03,25.0,0.67,7.21,86.49,8.0,17.0,8.0,3.0,11.0,0
4.0,1.0,0.0,0.0,1.0,1.0,1.0,10.0,12.82,20.9,5601.2,0.09,67.0,0.05,311.18,268.0,19.0,48.0,5.0,11.0,16.0,0
3.0,13.0,0.0,6.0,7.0,2.0,7.0,15.0,12.6,20.0,5040.18,0.08,53.0,0.05,280.01,252.01,20.0,33.0,9.0,18.0,26.0,0
0.0,1.0,0.0,0.0,1.0,1.0,1.0,0.0,11.86,3.5,145.3,0.01,12.0,0.29,8.07,41.51,4.0,8.0,4.0,7.0,0.0,0
0.0,1.0,0.0,0.0,1.0,1.0,1.0,0.0,11.86,3.5,145.3,0.01,12.0,0.29,8.07,41.51,4.0,8.0,4.0,7.0,0.0,0
0.0,1.0,0.0,0.0,1.0,1.0,1.0,0.0,11.86,3.5,145.3,0.01,12.0,0.29,8.07,41.51,4.0,8.0,4.0,7.0,0.0,0
0.0,1.0,0.0,0.0,1.0,1.0,1.0,0.0,11.86,3.5,145.3,0.01,12.0,0.29,8.07,41.51,4.0,8.0,4.0,7.0,0.0,0
0.0,1.0,0.0,0.0,1.0,1.0,1.0,0.0,11.86,3.5,145.3,0.01,12.0,0.29,8.07,41.51,4.0,8.0,4.0,7.0,0.0,0
0.0,1.0,0.0,0.0,1.0,1.0,1.0,0.0,11.86,3.5,145.3,0.01,12.0,0.29,8.07,41.51,4.0,8.0,4.0,7.0,0.0,0
0.0,1.0,0.0,0.0,1.0,1.0,1.0,0.0,11.86,3.5,145.3,0.01,12.0,0.29,8.07,41.51,4.0,8.0,4.0,7.0,0.0,0
1.0,9.0,0.0,6.0,5.0,4.0,4.0,10.0,9.32,19.6,3580.15,0.06,43.0,0.05,198.9,182.66,14.0,29.0,5.0,14.0,10.0,0
5.0,5.0,0.0,4.0,1.0,1.0,1.0,9.0,13.75,16.89,3921.48,0.08,50.0,0.06,217.86,232.19,19.0,31.0,9.0,16.0,9.0,0
5.0,5.0,0.0,4.0,1.0,1.0,1.0,9.0,13.75,16.89,3921.48,0.08,50.0,0.06,217.86,232.19,19.0,31.0,9.0,16.0,9.0,0
5.0,5.0,0.0,4.0,1.0,1.0,1.0,9.0,13.75,16.89,3921.48,0.08,50.0,0.06,217.86,232.19,19.0,31.0,9.0,16.0,9.0,0
9.0,7.0,1.0,1.0,4.0,2.0,1.0,24.0,19.72,17.31,5907.5,0.11,71.0,0.06,328.19,341.32,30.0,41.0,13.0,15.0,38.0,0
7.0,7.0,0.0,1.0,4.0,1.0,1.0,22.0,22.01,16.36,5893.69,0.12,82.0,0.06,327.43,360.17,36.0,46.0,11.0,10.0,32.0,0
7.0,7.0,0.0,1.0,4.0,1.0,1.0,22.0,22.01,16.36,5893.69,0.12,82.0,0.06,327.43,360.17,36.0,46.0,11.0,10.0,32.0,0
7.0,7.0,0.0,1.0,4.0,1.0,1.0,22.0,22.01,16.36,5893.69,0.12,82.0,0.06,327.43,360.17,36.0,46.0,11.0,10.0,32.0,0
4.0,7.0,0.0,6.0,4.0,1.0,1.0,18.0,13.59,19.33,5079.01,0.09,69.0,0.05,282.17,262.71,29.0,40.0,6.0,8.0,30.0,0
4.0,7.0,0.0,6.0,4.0,1.0,1.0,18.0,13.59,19.33,5079.01,0.09,69.0,0.05,282.17,262.71,29.0,40.0,6.0,8.0,30.0,0
4.0,7.0,0.0,6.0,4.0,1.0,1.0,18.0,13.59,19.33,5079.01,0.09,69.0,0.05,282.17,262.71,29.0,40.0,6.0,8.0,30.0,0
14.0,11.0,8.0,7.0,6.0,3.0,1.0,19.0,42.79,8.0,2738.82,0.11,72.0,0.13,152.16,342.35,32.0,40.0,18.0,9.0,27.0,0
0.0,3.0,0.0,0.0,2.0,2.0,1.0,12.0,33.66,13.22,5883.89,0.15,89.0,0.08,326.88,445.0,34.0,55.0,18.0,14.0,12.0,0
0.0,3.0,0.0,0.0,2.0,2.0,1.0,12.0,33.66,13.22,5883.89,0.15,89.0,0.08,326.88,445.0,34.0,55.0,18.0,14.0,12.0,0
0.0,3.0,0.0,0.0,2.0,2.0,1.0,12.0,33.66,13.22,5883.89,0.15,89.0,0.08,326.88,445.0,34.0,55.0,18.0,14.0,12.0,0
4.0,5.0,0.0,2.0,3.0,3.0,1.0,23.0,22.91,16.0,5865.77,0.12,74.0,0.06,325.88,366.61,30.0,44.0,15.0,16.0,32.0,0
4.0,5.0,0.0,2.0,3.0,3.0,1.0,23.0,22.91,16.0,5865.77,0.12,74.0,0.06,325.88,366.61,30.0,44.0,15.0,16.0,32.0,0
0.0,5.0,0.0,3.0,3.0,2.0,1.0,13.0,24.28,12.54,3814.78,0.1,64.0,0.08,211.93,304.31,27.0,37.0,14.0,13.0,16.0,1
1.0,5.0,0.0,0.0,3.0,2.0,1.0,19.0,16.99,12.6,2697.06,0.07,48.0,0.08,149.84,214.05,21.0,27.0,10.0,12.0,22.0,0
14.0,11.0,8.0,7.0,6.0,3.0,1.0,19.0,42.79,8.0,2738.82,0.11,72.0,0.13,152.16,342.35,32.0,40.0,18.0,9.0,27.0,0
1.0,5.0,0.0,0.0,3.0,2.0,1.0,19.0,16.99,12.6,2697.06,0.07,48.0,0.08,149.84,214.05,21.0,27.0,10.0,12.0,22.0,0
14.0,11.0,8.0,7.0,6.0,3.0,1.0,19.0,42.79,8.0,2738.82,0.11,72.0,0.13,152.16,342.35,32.0,40.0,18.0,9.0,27.0,0
0.0,3.0,0.0,0.0,2.0,2.0,1.0,9.0,15.09,5.83,513.33,0.03,22.0,0.17,28.52,88.0,7.0,15.0,6.0,10.0,11.0,0
0.0,3.0,0.0,0.0,2.0,2.0,1.0,9.0,15.09,5.83,513.33,0.03,22.0,0.17,28.52,88.0,7.0,15.0,6.0,10.0,11.0,0
0.0,3.0,0.0,0.0,2.0,2.0,1.0,8.0,15.09,5.83,513.33,0.03,22.0,0.17,28.52,88.0,7.0,15.0,6.0,10.0,10.0,0
0.0,3.0,0.0,0.0,2.0,2.0,1.0,8.0,15.09,5.83,513.33,0.03,22.0,0.17,28.52,88.0,7.0,15.0,6.0,10.0,10.0,0
0.0,3.0,0.0,0.0,2.0,2.0,1.0,8.0,15.09,5.83,513.33,0.03,22.0,0.17,28.52,88.0,7.0,15.0,6.0,10.0,10.0,0
0.0,3.0,0.0,0.0,2.0,2.0,1.0,9.0,16.11,6.86,757.34,0.04,26.0,0.15,42.07,110.45,8.0,18.0,7.0,12.0,11.0,0
0.0,3.0,0.0,0.0,2.0,2.0,1.0,9.0,16.11,6.86,757.34,0.04,26.0,0.15,42.07,110.45,8.0,18.0,7.0,12.0,11.0,0
0.0,3.0,0.0,0.0,2.0,2.0,1.0,9.0,16.11,6.86,757.34,0.04,26.0,0.15,42.07,110.45,8.0,18.0,7.0,12.0,11.0,0
1.0,3.0,0.0,0.0,2.0,1.0,1.0,6.0,16.0,5.5,484.0,0.03,22.0,0.18,26.89,88.0,5.0,17.0,5.0,11.0,9.0,0
1.0,3.0,0.0,0.0,2.0,1.0,1.0,6.0,16.0,5.5,484.0,0.03,22.0,0.18,26.89,88.0,5.0,17.0,5.0,11.0,9.0,0
1.0,3.0,0.0,0.0,2.0,1.0,1.0,6.0,16.0,5.5,484.0,0.03,22.0,0.18,26.89,88.0,5.0,17.0,5.0,11.0,9.0,0
3.0,5.0,0.0,4.0,3.0,2.0,1.0,17.0,21.06,16.67,5848.95,0.12,73.0,0.06,324.94,350.94,25.0,48.0,12.0,16.0,26.0,1
3.0,5.0,0.0,4.0,3.0,2.0,1.0,17.0,21.06,16.67,5848.95,0.12,73.0,0.06,324.94,350.94,25.0,48.0,12.0,16.0,26.0,1
1.0,5.0,0.0,0.0,3.0,2.0,3.0,15.0,14.06,13.0,2376.88,0.06,41.0,0.08,132.05,182.84,18.0,23.0,9.0,13.0,18.0,0
3.0,5.0,0.0,4.0,3.0,2.0,1.0,17.0,21.06,16.67,5848.95,0.12,73.0,0.06,324.94,350.94,25.0,48.0,12.0,16.0,26.0,1
2.0,7.0,0.0,6.0,4.0,4.0,1.0,16.0,17.66,17.5,5408.68,0.1,65.0,0.06,300.48,309.07,28.0,37.0,12.0,15.0,26.0,0
2.0,7.0,0.0,6.0,4.0,3.0,1.0,16.0,11.2,18.2,3710.99,0.07,48.0,0.05,206.17,203.9,13.0,35.0,5.0,14.0,16.0,0
0.0,3.0,0.0,0.0,2.0,2.0,1.0,9.0,15.09,5.83,513.33,0.03,22.0,0.17,28.52,88.0,7.0,15.0,6.0,10.0,11.0,0
0.0,3.0,0.0,0.0,2.0,2.0,1.0,9.0,15.09,5.83,513.33,0.03,22.0,0.17,28.52,88.0,7.0,15.0,6.0,10.0,11.0,0
4.0,1.0,0.0,0.0,1.0,1.0,1.0,13.0,24.01,13.54,4401.99,0.11,70.0,0.07,244.55,325.07,25.0,45.0,12.0,13.0,19.0,0
2.0,7.0,0.0,6.0,4.0,3.0,1.0,16.0,11.2,18.2,3710.99,0.07,48.0,0.05,206.17,203.9,13.0,35.0,5.0,14.0,16.0,0
4.0,1.0,0.0,0.0,1.0,1.0,1.0,13.0,24.01,13.54,4401.99,0.11,70.0,0.07,244.55,325.07,25.0,45.0,12.0,13.0,19.0,0
2.0,7.0,0.0,6.0,4.0,3.0,1.0,16.0,11.2,18.2,3710.99,0.07,48.0,0.05,206.17,203.9,13.0,35.0,5.0,14.0,16.0,0
0.0,3.0,0.0,0.0,2.0,1.0,1.0,12.0,17.51,5.0,437.84,0.03,21.0,0.2,24.32,87.57,8.0,13.0,8.0,10.0,14.0,0
0.0,3.0,0.0,0.0,2.0,1.0,1.0,12.0,17.51,5.0,437.84,0.03,21.0,0.2,24.32,87.57,8.0,13.0,8.0,10.0,14.0,0
0.0,3.0,0.0,0.0,2.0,1.0,1.0,12.0,17.51,5.0,437.84,0.03,21.0,0.2,24.32,87.57,8.0,13.0,8.0,10.0,14.0,0
0.0,3.0,0.0,0.0,2.0,1.0,1.0,12.0,17.51,5.0,437.84,0.03,21.0,0.2,24.32,87.57,8.0,13.0,8.0,10.0,14.0,0
0.0,3.0,0.0,0.0,2.0,1.0,1.0,12.0,17.51,5.0,437.84,0.03,21.0,0.2,24.32,87.57,8.0,13.0,8.0,10.0,14.0,0
0.0,3.0,0.0,0.0,2.0,1.0,1.0,6.0,17.51,5.0,437.84,0.03,21.0,0.2,24.32,87.57,8.0,13.0,8.0,10.0,8.0,0
0.0,3.0,0.0,0.0,2.0,1.0,1.0,6.0,17.51,5.0,437.84,0.03,21.0,0.2,24.32,87.57,8.0,13.0,8.0,10.0,8.0,0
0.0,3.0,0.0,0.0,2.0,1.0,1.0,6.0,17.51,5.0,437.84,0.03,21.0,0.2,24.32,87.57,8.0,13.0,8.0,10.0,8.0,0
3.0,5.0,0.0,0.0,3.0,2.0,1.0,14.0,13.79,13.13,2374.87,0.06,40.0,0.08,131.94,180.94,14.0,26.0,8.0,15.0,19.0,0
5.0,6.0,4.0,3.0,4.0,3.0,4.0,12.0,23.64,8.75,1809.67,0.07,44.0,0.11,100.54,206.82,15.0,29.0,12.0,14.0,16.0,0
3.0,5.0,0.0,0.0,3.0,2.0,1.0,14.0,13.79,13.13,2374.87,0.06,40.0,0.08,131.94,180.94,14.0,26.0,8.0,15.0,19.0,0
1.0,5.0,0.0,0.0,3.0,1.0,3.0,8.0,18.35,8.33,1274.38,0.05,36.0,0.12,70.8,152.93,15.0,21.0,9.0,10.0,11.0,0
1.0,7.0,1.0,0.0,6.0,6.0,1.0,23.0,31.48,13.5,5737.5,0.14,85.0,0.07,318.75,425.0,27.0,58.0,16.0,16.0,27.0,0
1.0,5.0,0.0,0.0,3.0,2.0,3.0,5.0,12.37,6.0,445.39,0.02,19.0,0.17,24.74,74.23,8.0,11.0,6.0,9.0,8.0,0
1.0,5.0,0.0,0.0,3.0,2.0,3.0,5.0,12.37,6.0,445.39,0.02,19.0,0.17,24.74,74.23,8.0,11.0,6.0,9.0,8.0,0
3.0,7.0,0.0,0.0,4.0,2.0,3.0,13.0,9.03,18.0,2927.29,0.05,39.0,0.06,162.63,162.63,18.0,21.0,6.0,12.0,18.0,0
3.0,7.0,0.0,0.0,4.0,2.0,3.0,13.0,9.03,18.0,2927.29,0.05,39.0,0.06,162.63,162.63,18.0,21.0,6.0,12.0,18.0,0
3.0,7.0,0.0,0.0,4.0,2.0,3.0,13.0,9.03,18.0,2927.29,0.05,39.0,0.06,162.63,162.63,18.0,21.0,6.0,12.0,18.0,0
5.0,6.0,4.0,3.0,4.0,3.0,4.0,12.0,23.64,8.75,1809.67,0.07,44.0,0.11,100.54,206.82,15.0,29.0,12.0,14.0,16.0,0
1.0,5.0,0.0,0.0,3.0,2.0,3.0,3.0,13.02,4.5,263.72,0.02,15.0,0.22,14.65,58.6,6.0,9.0,6.0,9.0,6.0,0
1.0,5.0,0.0,0.0,3.0,1.0,3.0,6.0,14.87,6.86,699.09,0.03,24.0,0.15,38.84,101.95,8.0,16.0,7.0,12.0,9.0,0
3.0,5.0,0.0,0.0,3.0,1.0,1.0,16.0,9.16,18.2,3035.71,0.06,40.0,0.05,168.65,166.8,14.0,26.0,5.0,13.0,21.0,1
2.0,11.0,0.0,0.0,6.0,4.0,6.0,19.0,20.48,16.67,5688.7,0.11,71.0,0.06,316.04,341.32,25.0,46.0,12.0,16.0,23.0,0
1.0,5.0,0.0,0.0,3.0,2.0,3.0,3.0,13.02,4.5,263.72,0.02,15.0,0.22,14.65,58.6,6.0,9.0,6.0,9.0,6.0,0
4.0,1.0,0.0,0.0,1.0,1.0,1.0,13.0,24.01,13.54,4401.99,0.11,70.0,0.07,244.55,325.07,25.0,45.0,12.0,13.0,19.0,0
3.0,1.0,0.0,3.0,1.0,1.0,1.0,7.0,27.78,3.6,360.0,0.03,25.0,0.28,20.0,100.0,12.0,13.0,10.0,6.0,15.0,0
3.0,1.0,0.0,3.0,1.0,1.0,1.0,7.0,27.78,3.6,360.0,0.03,25.0,0.28,20.0,100.0,12.0,13.0,10.0,6.0,15.0,0
3.0,1.0,0.0,3.0,1.0,1.0,1.0,7.0,27.78,3.6,360.0,0.03,25.0,0.28,20.0,100.0,12.0,13.0,10.0,6.0,15.0,0
3.0,1.0,0.0,1.0,1.0,1.0,1.0,6.0,28.47,3.61,371.22,0.03,27.0,0.28,20.62,102.8,13.0,14.0,9.0,5.0,12.0,0
3.0,1.0,0.0,0.0,1.0,1.0,1.0,7.0,34.49,3.11,333.86,0.04,29.0,0.32,18.55,107.31,14.0,15.0,9.0,4.0,12.0,0
3.0,1.0,0.0,0.0,1.0,1.0,1.0,7.0,34.49,3.11,333.86,0.04,29.0,0.32,18.55,107.31,14.0,15.0,9.0,4.0,12.0,0
3.0,1.0,0.0,0.0,1.0,1.0,1.0,7.0,34.49,3.11,333.86,0.04,29.0,0.32,18.55,107.31,14.0,15.0,9.0,4.0,12.0,0
0.0,5.0,0.0,0.0,3.0,2.0,3.0,6.0,17.58,4.0,281.3,0.02,18.0,0.25,15.63,70.32,7.0,11.0,7.0,8.0,8.0,0
0.0,5.0,0.0,0.0,3.0,2.0,3.0,6.0,17.58,4.0,281.3,0.02,18.0,0.25,15.63,70.32,7.0,11.0,7.0,8.0,8.0,0
0.0,5.0,0.0,0.0,3.0,2.0,3.0,6.0,17.58,4.0,281.3,0.02,18.0,0.25,15.63,70.32,7.0,11.0,7.0,8.0,8.0,0
1.0,5.0,0.0,0.0,3.0,2.0,3.0,3.0,13.02,4.5,263.72,0.02,15.0,0.22,14.65,58.6,6.0,9.0,6.0,9.0,6.0,0
1.0,5.0,0.0,0.0,3.0,2.0,3.0,3.0,13.02,4.5,263.72,0.02,15.0,0.22,14.65,58.6,6.0,9.0,6.0,9.0,6.0,0
1.0,5.0,0.0,0.0,3.0,2.0,3.0,3.0,13.02,4.5,263.72,0.02,15.0,0.22,14.65,58.6,6.0,9.0,6.0,9.0,6.0,0
1.0,5.0,0.0,0.0,3.0,2.0,3.0,3.0,13.02,4.5,263.72,0.02,15.0,0.22,14.65,58.6,6.0,9.0,6.0,9.0,6.0,0
1.0,5.0,0.0,0.0,3.0,2.0,3.0,3.0,13.02,4.5,263.72,0.02,15.0,0.22,14.65,58.6,6.0,9.0,6.0,9.0,6.0,0
1.0,5.0,0.0,0.0,3.0,2.0,3.0,3.0,13.02,4.5,263.72,0.02,15.0,0.22,14.65,58.6,6.0,9.0,6.0,9.0,6.0,0
1.0,5.0,0.0,0.0,3.0,2.0,3.0,3.0,13.02,4.5,263.72,0.02,15.0,0.22,14.65,58.6,6.0,9.0,6.0,9.0,6.0,0
3.0,5.0,0.0,0.0,3.0,1.0,1.0,16.0,9.16,18.2,3035.71,0.06,40.0,0.05,168.65,166.8,14.0,26.0,5.0,13.0,21.0,1
1.0,5.0,0.0,0.0,3.0,2.0,3.0,3.0,13.02,4.5,263.72,0.02,15.0,0.22,14.65,58.6,6.0,9.0,6.0,9.0,6.0,0
3.0,5.0,0.0,0.0,3.0,1.0,1.0,16.0,9.16,18.2,3035.71,0.06,40.0,0.05,168.65,166.8,14.0,26.0,5.0,13.0,21.0,1
3.0,5.0,0.0,1.0,3.0,1.0,3.0,13.0,13.89,17.6,4301.84,0.08,52.0,0.06,238.99,244.42,22.0,30.0,10.0,16.0,19.0,0
2.0,5.0,0.0,0.0,3.0,2.0,1.0,13.0,14.6,16.25,3854.26,0.08,54.0,0.06,214.13,237.19,20.0,34.0,8.0,13.0,17.0,1
2.0,5.0,0.0,0.0,3.0,2.0,1.0,13.0,14.6,16.25,3854.26,0.08,54.0,0.06,214.13,237.19,20.0,34.0,8.0,13.0,17.0,1
2.0,5.0,0.0,0.0,3.0,2.0,1.0,13.0,14.6,16.25,3854.26,0.08,54.0,0.06,214.13,237.19,20.0,34.0,8.0,13.0,17.0,1
1.0,7.0,0.0,0.0,4.0,1.0,1.0,12.0,14.65,16.36,3922.73,0.08,51.0,0.06,217.93,239.72,24.0,27.0,11.0,15.0,12.0,0
1.0,7.0,0.0,0.0,4.0,1.0,1.0,12.0,14.65,16.36,3922.73,0.08,51.0,0.06,217.93,239.72,24.0,27.0,11.0,15.0,12.0,0
1.0,7.0,0.0,0.0,4.0,1.0,1.0,12.0,14.65,16.36,3922.73,0.08,51.0,0.06,217.93,239.72,24.0,27.0,11.0,15.0,12.0,0
2.0,5.0,0.0,9.0,4.0,4.0,1.0,16.0,15.45,15.13,3533.74,0.08,55.0,0.07,196.32,233.64,22.0,33.0,8.0,11.0,29.0,0
2.0,5.0,0.0,9.0,4.0,4.0,1.0,16.0,15.45,15.13,3533.74,0.08,55.0,0.07,196.32,233.64,22.0,33.0,8.0,11.0,29.0,0
2.0,5.0,0.0,9.0,4.0,4.0,1.0,16.0,15.45,15.13,3533.74,0.08,55.0,0.07,196.32,233.64,22.0,33.0,8.0,11.0,29.0,0
3.0,1.0,0.0,3.0,1.0,1.0,1.0,8.0,43.78,2.0,175.14,0.03,23.0,0.5,9.73,87.57,10.0,13.0,10.0,4.0,14.0,0
3.0,1.0,0.0,3.0,1.0,1.0,1.0,8.0,43.78,2.0,175.14,0.03,23.0,0.5,9.73,87.57,10.0,13.0,10.0,4.0,14.0,0
3.0,1.0,0.0,3.0,1.0,1.0,1.0,8.0,43.78,2.0,175.14,0.03,23.0,0.5,9.73,87.57,10.0,13.0,10.0,4.0,14.0,0
2.0,3.0,1.0,1.0,2.0,2.0,1.0,24.0,32.54,13.33,5784.24,0.14,86.0,0.08,321.35,433.82,32.0,54.0,18.0,15.0,30.0,1
2.0,9.0,0.0,0.0,5.0,2.0,1.0,11.0,11.89,17.5,3640.0,0.07,52.0,0.06,202.22,208.0,21.0,31.0,6.0,10.0,15.0,0
2.0,3.0,1.0,1.0,2.0,2.0,1.0,24.0,32.54,13.33,5784.24,0.14,86.0,0.08,321.35,433.82,32.0,54.0,18.0,15.0,30.0,1
4.0,1.0,0.0,0.0,1.0,1.0,1.0,13.0,13.53,15.0,3043.13,0.07,64.0,0.07,169.06,202.88,24.0,40.0,4.0,5.0,19.0,0
2.0,3.0,1.0,6.0,2.0,2.0,1.0,11.0,17.84,14.0,3496.19,0.08,56.0,0.07,194.23,249.73,16.0,40.0,8.0,14.0,12.0,0
2.0,3.0,1.0,6.0,2.0,2.0,1.0,11.0,17.84,14.0,3496.19,0.08,56.0,0.07,194.23,249.73,16.0,40.0,8.0,14.0,12.0,0
2.0,3.0,1.0,6.0,2.0,2.0,1.0,11.0,17.84,14.0,3496.19,0.08,56.0,0.07,194.23,249.73,16.0,40.0,8.0,14.0,12.0,0
4.0,7.0,1.0,1.0,4.0,2.0,1.0,11.0,10.99,16.88,3129.74,0.06,41.0,0.06,173.87,185.47,18.0,23.0,8.0,15.0,19.0,0
2.0,7.0,0.0,6.0,4.0,1.0,1.0,14.0,11.77,21.0,5192.34,0.08,52.0,0.05,288.46,247.25,21.0,31.0,9.0,18.0,24.0,0
1.0,3.0,0.0,1.0,2.0,1.0,1.0,13.0,16.92,8.4,1193.92,0.05,31.0,0.12,66.33,142.13,12.0,19.0,10.0,14.0,17.0,1
7.0,9.0,2.0,7.0,5.0,5.0,4.0,29.0,30.99,14.0,6073.45,0.14,86.0,0.07,337.41,433.82,38.0,48.0,19.0,14.0,47.0,0
7.0,9.0,2.0,7.0,5.0,5.0,4.0,29.0,30.99,14.0,6073.45,0.14,86.0,0.07,337.41,433.82,38.0,48.0,19.0,14.0,47.0,0
7.0,9.0,2.0,7.0,5.0,5.0,4.0,29.0,30.99,14.0,6073.45,0.14,86.0,0.07,337.41,433.82,38.0,48.0,19.0,14.0,47.0,0
2.0,7.0,0.0,0.0,4.0,2.0,3.0,10.0,19.89,10.4,2150.92,0.07,44.0,0.1,119.5,206.82,13.0,31.0,10.0,16.0,14.0,0
3.0,7.0,0.0,2.0,4.0,1.0,1.0,13.0,11.08,18.07,3617.11,0.07,48.0,0.06,200.95,200.16,23.0,25.0,7.0,11.0,20.0,0
1.0,3.0,0.0,3.0,2.0,1.0,1.0,10.0,17.72,3.0,159.45,0.02,16.0,0.33,8.86,53.15,6.0,10.0,5.0,5.0,16.0,0
1.0,3.0,0.0,3.0,2.0,1.0,1.0,10.0,17.72,3.0,159.45,0.02,16.0,0.33,8.86,53.15,6.0,10.0,5.0,5.0,16.0,0
1.0,3.0,0.0,3.0,2.0,1.0,1.0,10.0,17.72,3.0,159.45,0.02,16.0,0.33,8.86,53.15,6.0,10.0,5.0,5.0,16.0,0
3.0,5.0,0.0,6.0,3.0,1.0,1.0,13.0,18.03,13.33,3204.9,0.08,50.0,0.08,178.05,240.37,20.0,30.0,12.0,16.0,25.0,0
1.0,5.0,1.0,0.0,3.0,2.0,1.0,20.0,24.4,15.79,6079.8,0.13,81.0,0.06,337.77,385.15,34.0,47.0,14.0,13.0,21.0,0
1.0,5.0,1.0,0.0,3.0,2.0,1.0,20.0,24.4,15.79,6079.8,0.13,81.0,0.06,337.77,385.15,34.0,47.0,14.0,13.0,21.0,0
1.0,5.0,1.0,0.0,3.0,2.0,1.0,20.0,24.4,15.79,6079.8,0.13,81.0,0.06,337.77,385.15,34.0,47.0,14.0,13.0,21.0,0
1.0,5.0,1.0,0.0,3.0,2.0,1.0,20.0,24.4,15.79,6079.8,0.13,81.0,0.06,337.77,385.15,34.0,47.0,14.0,13.0,21.0,0
1.0,5.0,1.0,0.0,3.0,2.0,1.0,20.0,24.4,15.79,6079.8,0.13,81.0,0.06,337.77,385.15,34.0,47.0,14.0,13.0,21.0,0
1.0,5.0,1.0,0.0,3.0,2.0,1.0,20.0,24.4,15.79,6079.8,0.13,81.0,0.06,337.77,385.15,34.0,47.0,14.0,13.0,21.0,0
2.0,5.0,0.0,0.0,3.0,3.0,1.0,20.0,20.25,14.88,4480.27,0.1,62.0,0.07,248.9,301.19,21.0,41.0,12.0,17.0,25.0,0
2.0,5.0,0.0,0.0,3.0,3.0,1.0,20.0,20.25,14.88,4480.27,0.1,62.0,0.07,248.9,301.19,21.0,41.0,12.0,17.0,25.0,0
2.0,5.0,0.0,0.0,3.0,3.0,1.0,20.0,20.25,14.88,4480.27,0.1,62.0,0.07,248.9,301.19,21.0,41.0,12.0,17.0,25.0,0
0.0,7.0,0.0,0.0,4.0,3.0,1.0,22.0,17.99,15.75,4461.58,0.09,61.0,0.06,247.87,283.28,21.0,40.0,10.0,15.0,24.0,0
0.0,7.0,0.0,0.0,4.0,3.0,1.0,22.0,17.99,15.75,4461.58,0.09,61.0,0.06,247.87,283.28,21.0,40.0,10.0,15.0,24.0,0
0.0,7.0,0.0,0.0,4.0,3.0,1.0,22.0,17.99,15.75,4461.58,0.09,61.0,0.06,247.87,283.28,21.0,40.0,10.0,15.0,24.0,0
0.0,6.0,0.0,0.0,5.0,2.0,1.0,29.0,22.02,13.46,3988.2,0.1,61.0,0.07,221.57,296.34,19.0,42.0,12.0,17.0,31.0,0
0.0,6.0,0.0,0.0,5.0,2.0,1.0,29.0,22.02,13.46,3988.2,0.1,61.0,0.07,221.57,296.34,19.0,42.0,12.0,17.0,31.0,0
0.0,6.0,0.0,0.0,5.0,2.0,1.0,29.0,22.02,13.46,3988.2,0.1,61.0,0.07,221.57,296.34,19.0,42.0,12.0,17.0,31.0,0
3.0,9.0,0.0,0.0,5.0,2.0,1.0,15.0,21.62,15.0,4864.96,0.11,69.0,0.07,270.28,324.33,30.0,39.0,13.0,13.0,20.0,0
3.0,7.0,0.0,0.0,4.0,2.0,3.0,18.0,23.38,11.92,3320.36,0.09,60.0,0.08,184.46,278.63,22.0,38.0,12.0,13.0,23.0,0
4.0,7.0,0.0,1.0,4.0,4.0,1.0,24.0,22.76,14.0,4460.08,0.11,67.0,0.07,247.78,318.58,26.0,41.0,13.0,14.0,31.0,0
4.0,7.0,0.0,1.0,4.0,4.0,1.0,24.0,22.76,14.0,4460.08,0.11,67.0,0.07,247.78,318.58,26.0,41.0,13.0,14.0,31.0,0
4.0,7.0,0.0,1.0,4.0,4.0,1.0,24.0,22.76,14.0,4460.08,0.11,67.0,0.07,247.78,318.58,26.0,41.0,13.0,14.0,31.0,0
4.0,7.0,0.0,1.0,4.0,4.0,1.0,24.0,22.25,13.54,4077.71,0.1,62.0,0.07,226.54,301.19,22.0,40.0,13.0,16.0,32.0,0
4.0,7.0,0.0,1.0,4.0,4.0,1.0,24.0,22.25,13.54,4077.71,0.1,62.0,0.07,226.54,301.19,22.0,40.0,13.0,16.0,32.0,0
4.0,7.0,0.0,1.0,4.0,4.0,1.0,24.0,22.25,13.54,4077.71,0.1,62.0,0.07,226.54,301.19,22.0,40.0,13.0,16.0,32.0,0
3.0,7.0,0.0,0.0,4.0,2.0,1.0,20.0,14.41,14.0,2824.34,0.07,44.0,0.07,156.91,201.74,20.0,24.0,10.0,14.0,20.0,0
3.0,7.0,0.0,0.0,4.0,2.0,1.0,20.0,14.41,14.0,2824.34,0.07,44.0,0.07,156.91,201.74,20.0,24.0,10.0,14.0,20.0,0
3.0,7.0,0.0,0.0,4.0,2.0,1.0,20.0,14.41,14.0,2824.34,0.07,44.0,0.07,156.91,201.74,20.0,24.0,10.0,14.0,20.0,0
4.0,7.0,0.0,0.0,4.0,3.0,1.0,21.0,19.78,12.83,3257.4,0.08,54.0,0.08,180.97,253.82,22.0,32.0,12.0,14.0,27.0,0
4.0,7.0,0.0,0.0,4.0,3.0,1.0,21.0,19.78,12.83,3257.4,0.08,54.0,0.08,180.97,253.82,22.0,32.0,12.0,14.0,27.0,0
4.0,7.0,0.0,0.0,4.0,3.0,1.0,21.0,19.78,12.83,3257.4,0.08,54.0,0.08,180.97,253.82,22.0,32.0,12.0,14.0,27.0,0
4.0,9.0,0.0,0.0,5.0,3.0,1.0,19.0,19.78,13.46,3584.45,0.09,56.0,0.07,199.14,266.27,25.0,31.0,13.0,14.0,25.0,0
4.0,9.0,0.0,0.0,5.0,3.0,1.0,19.0,19.78,13.46,3584.45,0.09,56.0,0.07,199.14,266.27,25.0,31.0,13.0,14.0,25.0,0
4.0,9.0,0.0,0.0,5.0,3.0,1.0,19.0,19.78,13.46,3584.45,0.09,56.0,0.07,199.14,266.27,25.0,31.0,13.0,14.0,25.0,0
3.0,7.0,2.0,0.0,4.0,2.0,3.0,16.0,18.92,14.93,4217.11,0.09,56.0,0.07,234.28,282.49,22.0,34.0,14.0,19.0,23.0,0
3.0,5.0,0.0,0.0,3.0,2.0,3.0,18.0,17.52,16.36,4690.16,0.1,59.0,0.06,260.56,286.62,20.0,39.0,11.0,18.0,23.0,0
4.0,7.0,0.0,5.0,4.0,3.0,1.0,16.0,29.2,6.68,1302.6,0.07,42.0,0.15,72.37,195.04,17.0,25.0,14.0,11.0,27.0,1
4.0,7.0,0.0,5.0,4.0,3.0,1.0,16.0,29.2,6.68,1302.6,0.07,42.0,0.15,72.37,195.04,17.0,25.0,14.0,11.0,27.0,1
4.0,7.0,0.0,5.0,4.0,3.0,1.0,16.0,29.2,6.68,1302.6,0.07,42.0,0.15,72.37,195.04,17.0,25.0,14.0,11.0,27.0,1
5.0,9.0,0.0,6.0,5.0,4.0,1.0,15.0,23.19,9.09,1916.65,0.07,48.0,0.11,106.48,210.83,20.0,28.0,11.0,10.0,28.0,1
5.0,9.0,0.0,6.0,5.0,4.0,1.0,15.0,23.19,9.09,1916.65,0.07,48.0,0.11,106.48,210.83,20.0,28.0,11.0,10.0,28.0,1
3.0,7.0,0.0,0.0,4.0,2.0,1.0,19.0,16.26,11.0,1966.95,0.06,39.0,0.09,109.27,178.81,11.0,28.0,8.0,16.0,24.0,0
3.0,7.0,0.0,0.0,4.0,2.0,1.0,19.0,16.26,11.0,1966.95,0.06,39.0,0.09,109.27,178.81,11.0,28.0,8.0,16.0,24.0,0
3.0,7.0,0.0,0.0,4.0,2.0,1.0,19.0,16.26,11.0,1966.95,0.06,39.0,0.09,109.27,178.81,11.0,28.0,8.0,16.0,24.0,0
3.0,7.0,0.0,0.0,4.0,2.0,3.0,18.0,21.59,11.25,2732.61,0.08,50.0,0.09,151.81,242.9,21.0,29.0,14.0,15.0,23.0,0
3.0,7.0,0.0,0.0,4.0,2.0,3.0,18.0,21.59,11.25,2732.61,0.08,50.0,0.09,151.81,242.9,21.0,29.0,14.0,15.0,23.0,0
3.0,7.0,0.0,0.0,4.0,2.0,3.0,18.0,21.59,11.25,2732.61,0.08,50.0,0.09,151.81,242.9,21.0,29.0,14.0,15.0,23.0,0
0.0,7.0,0.0,0.0,4.0,3.0,1.0,13.0,24.04,13.0,4062.21,0.1,65.0,0.08,225.68,312.48,26.0,39.0,14.0,14.0,15.0,0
3.0,3.0,0.0,9.0,2.0,1.0,1.0,5.0,14.41,3.6,186.81,0.02,15.0,0.28,10.38,51.89,6.0,9.0,5.0,6.0,5.0,0
3.0,3.0,0.0,9.0,2.0,1.0,1.0,5.0,14.41,3.6,186.81,0.02,15.0,0.28,10.38,51.89,6.0,9.0,5.0,6.0,5.0,0
3.0,3.0,0.0,9.0,2.0,1.0,1.0,5.0,14.41,3.6,186.81,0.02,15.0,0.28,10.38,51.89,6.0,9.0,5.0,6.0,5.0,0
3.0,3.0,0.0,9.0,2.0,1.0,1.0,5.0,14.41,3.6,186.81,0.02,15.0,0.28,10.38,51.89,6.0,9.0,5.0,6.0,5.0,0
3.0,3.0,0.0,9.0,2.0,1.0,1.0,5.0,14.41,3.6,186.81,0.02,15.0,0.28,10.38,51.89,6.0,9.0,5.0,6.0,5.0,0
1.0,3.0,0.0,6.0,2.0,2.0,1.0,5.0,16.73,3.0,150.57,0.02,14.0,0.33,8.36,50.19,6.0,8.0,6.0,6.0,16.0,0
1.0,3.0,0.0,6.0,2.0,2.0,1.0,5.0,16.73,3.0,150.57,0.02,14.0,0.33,8.36,50.19,6.0,8.0,6.0,6.0,16.0,0
1.0,3.0,0.0,6.0,2.0,2.0,1.0,5.0,16.73,3.0,150.57,0.02,14.0,0.33,8.36,50.19,6.0,8.0,6.0,6.0,16.0,0
1.0,5.0,0.0,0.0,3.0,2.0,1.0,11.0,16.68,8.75,1277.04,0.05,35.0,0.11,70.95,145.95,14.0,21.0,8.0,10.0,15.0,0
3.0,5.0,0.0,0.0,3.0,3.0,1.0,15.0,23.32,13.54,4275.02,0.11,65.0,0.07,237.5,315.77,22.0,43.0,13.0,16.0,20.0,0
3.0,5.0,0.0,0.0,3.0,3.0,1.0,15.0,23.32,13.54,4275.02,0.11,65.0,0.07,237.5,315.77,22.0,43.0,13.0,16.0,20.0,0
3.0,5.0,0.0,0.0,3.0,3.0,1.0,15.0,23.32,13.54,4275.02,0.11,65.0,0.07,237.5,315.77,22.0,43.0,13.0,16.0,20.0,0
3.0,5.0,0.0,0.0,3.0,3.0,1.0,15.0,23.32,13.54,4275.02,0.11,65.0,0.07,237.5,315.77,22.0,43.0,13.0,16.0,20.0,0
4.0,3.0,1.0,14.0,2.0,2.0,1.0,3.0,10.28,4.38,196.76,0.01,13.0,0.23,10.93,44.97,5.0,8.0,4.0,7.0,24.0,0
4.0,3.0,1.0,14.0,2.0,2.0,1.0,3.0,10.28,4.38,196.76,0.01,13.0,0.23,10.93,44.97,5.0,8.0,4.0,7.0,24.0,0
4.0,1.0,0.0,12.0,1.0,1.0,1.0,6.0,30.11,2.0,120.46,0.02,19.0,0.5,6.69,60.23,8.0,11.0,6.0,3.0,24.0,0
5.0,9.0,0.0,3.0,5.0,4.0,1.0,25.0,27.07,12.69,4357.93,0.11,70.0,0.08,242.11,343.48,29.0,41.0,16.0,14.0,35.0,1
2.0,3.0,0.0,0.0,2.0,1.0,1.0,14.0,12.34,17.5,3780.0,0.07,54.0,0.06,210.0,216.0,21.0,33.0,6.0,10.0,14.0,0
2.0,3.0,0.0,0.0,2.0,1.0,1.0,14.0,12.34,17.5,3780.0,0.07,54.0,0.06,210.0,216.0,21.0,33.0,6.0,10.0,14.0,0
2.0,3.0,0.0,0.0,2.0,1.0,1.0,14.0,12.34,17.5,3780.0,0.07,54.0,0.06,210.0,216.0,21.0,33.0,6.0,10.0,14.0,0
3.0,5.0,0.0,0.0,3.0,3.0,1.0,15.0,13.94,12.5,2177.86,0.06,38.0,0.08,120.99,174.23,15.0,23.0,9.0,15.0,21.0,0
3.0,5.0,0.0,0.0,3.0,3.0,1.0,15.0,13.94,12.5,2177.86,0.06,38.0,0.08,120.99,174.23,15.0,23.0,9.0,15.0,21.0,0
3.0,5.0,0.0,0.0,3.0,3.0,1.0,15.0,13.94,12.5,2177.86,0.06,38.0,0.08,120.99,174.23,15.0,23.0,9.0,15.0,21.0,0
2.0,5.0,0.0,0.0,3.0,1.0,1.0,14.0,13.82,16.32,3686.87,0.08,61.0,0.06,204.83,225.73,28.0,33.0,6.0,7.0,18.0,0
2.0,5.0,0.0,0.0,3.0,1.0,1.0,14.0,13.82,16.32,3686.87,0.08,61.0,0.06,204.83,225.73,28.0,33.0,6.0,7.0,18.0,0
2.0,5.0,0.0,0.0,3.0,1.0,1.0,14.0,13.82,16.32,3686.87,0.08,61.0,0.06,204.83,225.73,28.0,33.0,6.0,7.0,18.0,0
4.0,9.0,0.0,0.0,5.0,1.0,1.0,11.0,10.67,17.5,3269.16,0.06,54.0,0.06,181.62,186.81,20.0,34.0,4.0,7.0,18.0,0
4.0,9.0,0.0,0.0,5.0,1.0,1.0,11.0,10.67,17.5,3269.16,0.06,54.0,0.06,181.62,186.81,20.0,34.0,4.0,7.0,18.0,0
4.0,9.0,0.0,0.0,5.0,1.0,1.0,11.0,10.67,17.5,3269.16,0.06,54.0,0.06,181.62,186.81,20.0,34.0,4.0,7.0,18.0,0
7.0,1.0,0.0,5.0,1.0,1.0,1.0,20.0,34.25,10.42,3716.19,0.12,80.0,0.1,206.46,356.75,25.0,55.0,12.0,10.0,34.0,0
7.0,1.0,0.0,5.0,1.0,1.0,1.0,20.0,34.25,10.42,3716.19,0.12,80.0,0.1,206.46,356.75,25.0,55.0,12.0,10.0,34.0,0
7.0,1.0,0.0,5.0,1.0,1.0,1.0,20.0,34.25,10.42,3716.19,0.12,80.0,0.1,206.46,356.75,25.0,55.0,12.0,10.0,34.0,0
7.0,3.0,0.0,4.0,2.0,2.0,1.0,14.0,22.45,12.07,3271.7,0.09,57.0,0.08,181.76,271.03,26.0,31.0,14.0,13.0,14.0,0
3.0,7.0,0.0,2.0,4.0,1.0,1.0,13.0,11.08,18.07,3617.11,0.07,48.0,0.06,200.95,200.16,23.0,25.0,7.0,11.0,20.0,0
3.0,7.0,0.0,2.0,4.0,1.0,1.0,13.0,11.08,18.07,3617.11,0.07,48.0,0.06,200.95,200.16,23.0,25.0,7.0,11.0,20.0,0
2.0,7.0,0.0,0.0,4.0,2.0,3.0,10.0,19.89,10.4,2150.92,0.07,44.0,0.1,119.5,206.82,13.0,31.0,10.0,16.0,14.0,0
8.0,5.0,0.0,5.0,3.0,2.0,1.0,17.0,29.9,9.75,2841.92,0.1,60.0,0.1,157.88,291.48,24.0,36.0,16.0,13.0,33.0,0
8.0,5.0,0.0,5.0,3.0,2.0,1.0,17.0,29.9,9.75,2841.92,0.1,60.0,0.1,157.88,291.48,24.0,36.0,16.0,13.0,33.0,0
0.0,1.0,4.0,0.0,1.0,1.0,1.0,1.0,25.16,2.5,157.27,0.02,17.0,0.4,8.74,62.91,8.0,9.0,8.0,5.0,5.0,0
2.0,8.0,0.0,0.0,6.0,6.0,1.0,19.0,36.77,10.91,4375.94,0.13,77.0,0.09,243.11,401.13,32.0,45.0,22.0,15.0,19.0,0
3.0,5.0,0.0,0.0,3.0,2.0,1.0,14.0,13.79,13.13,2374.87,0.06,40.0,0.08,131.94,180.94,14.0,26.0,8.0,15.0,19.0,0
3.0,5.0,0.0,0.0,3.0,2.0,1.0,14.0,13.79,13.13,2374.87,0.06,40.0,0.08,131.94,180.94,14.0,26.0,8.0,15.0,19.0,0
