$ck_oo_numberOfPrivateMethods,$LDHH_lcom,$LDHH_fanIn,$numberOfNonTrivialBugsFoundUntil:,$WCHU_numberOfPublicAttributes,$WCHU_numberOfAttributes,$CvsWEntropy,$LDHH_numberOfPublicMethods,$WCHU_fanIn,$LDHH_numberOfPrivateAttributes,$CvsEntropy,$LDHH_numberOfPublicAttributes,$WCHU_numberOfPrivateMethods,$WCHU_numberOfMethods,$ck_oo_numberOfPublicAttributes,$ck_oo_noc,$numberOfCriticalBugsFoundUntil:,$ck_oo_wmc,$LDHH_numberOfPrivateMethods,$WCHU_numberOfPrivateAttributes,$CvsLogEntropy,$WCHU_noc,$LDHH_numberOfAttributesInherited,$WCHU_wmc,$ck_oo_fanOut,$ck_oo_numberOfLinesOfCode,$ck_oo_numberOfAttributesInherited,$ck_oo_numberOfMethods,$ck_oo_dit,$ck_oo_fanIn,$LDHH_noc,$WCHU_dit,$ck_oo_lcom,$WCHU_numberOfAttributesInherited,$ck_oo_rfc,$LDHH_wmc,$LDHH_numberOfAttributes,$LDHH_numberOfLinesOfCode,$WCHU_fanOut,$WCHU_lcom,$ck_oo_cbo,$WCHU_rfc,$ck_oo_numberOfAttributes,$numberOfHighPriorityBugsFoundUntil:,$ck_oo_numberOfPrivateAttributes,$numberOfMajorBugsFoundUntil:,$WCHU_numberOfPublicMethods,$LDHH_dit,$WCHU_cbo,$CvsLinEntropy,$WCHU_numberOfMethodsInherited,$numberOfBugsFoundUntil:,$LDHH_fanOut,$LDHH_numberOfMethodsInherited,$LDHH_rfc,$ck_oo_numberOfMethodsInherited,$ck_oo_numberOfPublicMethods,$LDHH_cbo,$WCHU_numberOfLinesOfCode,$CvsExpEntropy,$LDHH_numberOfMethods,$>Defects
0.0,0.0,0.0,3.0,0.0,0.0,0.000682,0.0,0.0,0.0,1.49003,0.0,0.0,0.0,0.0,1.0,0.0,1.0,0.0,0.0,0.121386,0.0,0.025198,0.0,0.0,3.0,1.0,1.0,3.0,1.0,0.0,1.01,0.0,1.01,1.0,0.0,0.0,0.0,0.0,0.0,1.0,0.0,0.0,0.0,0.0,0.0,0.0,0.021023,0.0,0.043518,4.09,3.0,0.0,0.083371,0.0,15.0,1.0,0.0,0.0,0.116244,0.0,0
0.0,0.0,0.0,1.0,0.0,0.0,0.0,0.0,0.0,0.0,0.0,0.0,0.0,0.0,0.0,0.0,0.0,0.0,0.0,0.0,0.0,0.0,0.0,0.0,0.0,0.0,0.0,0.0,1.0,0.0,0.0,0.0,0.0,0.0,0.0,0.0,0.0,0.0,0.0,0.0,0.0,0.0,0.0,0.0,0.0,0.0,0.0,0.0,0.0,0.0,0.0,1.0,0.0,0.0,0.0,7.0,0.0,0.0,0.0,0.0,0.0,0
0.0,0.011172,0.017931,1.0,1.01,0.0,0.0,0.0,1.01,0.012522,0.0,0.014053,1.01,1.01,1.0,0.0,0.0,1.0,0.011131,1.01,0.0,0.0,0.0,1.01,0.0,3.0,0.0,1.0,1.0,0.0,0.0,0.0,0.0,0.0,2.0,0.013034,0.0,0.012547,1.01,1.01,0.0,1.01,2.0,0.0,1.0,0.0,0.0,0.0,1.02,0.0,0.0,2.0,0.014181,0.0,0.013723,9.0,1.0,0.017127,1.06,0.0,0.012396,0
0.0,0.0,0.0,1.0,0.0,0.0,0.0,0.0,0.0,0.0,0.0,0.0,0.0,0.0,0.0,0.0,0.0,0.0,0.0,0.0,0.0,0.0,0.0,0.0,0.0,0.0,0.0,0.0,1.0,0.0,0.0,0.0,0.0,0.0,0.0,0.0,0.0,0.0,0.0,0.0,0.0,0.0,0.0,0.0,0.0,0.0,0.0,0.0,0.0,0.0,0.0,1.0,0.0,0.0,0.0,7.0,0.0,0.0,0.0,0.0,0.0,0
1.0,0.009224,0.0,0.0,0.0,0.0,0.005233,0.0,0.0,0.0,2.2601,0.0,1.01,1.01,0.0,0.0,0.0,2.0,0.00526,0.0,0.159449,0.0,0.0,1.01,0.0,6.0,0.0,2.0,1.0,0.0,0.0,0.0,1.0,0.0,3.0,0.010781,0.0,0.010352,0.0,1.01,0.0,1.01,0.0,1.0,0.0,0.0,0.0,0.0,0.0,0.054102,0.0,1.0,0.0,0.0,0.011554,8.0,1.0,0.0,1.03,0.160724,0.012052,0
0.0,0.0,0.0,0.0,0.0,0.0,0.000949,0.0,0.0,0.0,1.84703,0.0,0.0,0.0,0.0,0.0,0.0,2.0,0.0,0.0,9.09329,0.0,0.0,0.0,1.0,8.0,0.0,2.0,1.0,1.0,0.0,0.0,1.0,0.0,4.0,0.0,0.0,0.0,0.0,0.0,2.0,0.0,2.0,1.0,1.0,0.0,0.0,0.0,0.0,0.136921,0.0,2.0,0.0,0.0,0.0,0.0,2.0,0.0,0.0,0.175609,0.0,0
0.0,0.0,0.001933,0.0,0.0,0.0,0.0,0.00391,1.01,0.0,0.0,0.0,0.0,0.0,0.0,0.0,0.0,2.0,0.0,0.0,0.0,0.0,0.0,0.0,1.0,6.0,0.0,2.0,1.0,1.0,0.0,0.0,1.0,0.0,4.0,0.0,0.0,0.0,1.01,0.0,2.0,1.01,3.0,0.0,3.0,0.0,2.02,0.0,2.02,0.0,3.03,0.0,0.001562,0.010398,0.001173,10.0,2.0,0.004169,0.0,0.0,0.0,0
0.0,0.000573,0.0,0.0,0.0,0.0,0.036488,0.000359,0.0,0.0,6.55322,0.0,0.0,1.03,0.0,1.0,0.0,1.0,0.0,0.0,0.147474,0.0,0.0,0.0,0.0,3.0,0.0,1.0,1.0,0.0,0.0,0.0,0.0,0.0,1.0,0.0,0.0,0.0,0.0,1.06,0.0,1.03,0.0,0.0,0.0,0.0,1.03,0.0,0.0,0.007707,2.02,0.0,0.0,0.002027,0.000635,11.0,1.0,0.0,0.0,0.000155,0.000668,0
0.0,0.026057,0.042959,1.0,0.0,0.0,0.000669,0.029129,2.05,0.0,1.17515,0.0,0.0,1.01,0.0,3.0,0.0,0.0,0.0,0.0,0.040252,0.0,0.0,0.0,0.0,0.0,0.0,2.0,1.0,8.0,0.0,0.0,1.0,0.0,2.0,0.0,0.0,0.0,0.0,1.01,8.0,1.01,0.0,0.0,0.0,0.0,1.01,0.0,2.05,0.006345,0.0,1.0,0.0,0.0,0.030608,9.0,2.0,0.042394,0.0,0.020379,0.031012,0
0.0,0.0,0.0,0.0,0.0,0.0,0.0,0.0,0.0,0.0,0.0,0.0,0.0,0.0,0.0,0.0,0.0,1.0,0.0,0.0,0.0,0.0,0.0,0.0,1.0,3.0,0.0,2.0,3.0,1.0,0.0,0.0,1.0,0.0,3.0,0.0,0.0,0.0,0.0,0.0,2.0,0.0,0.0,0.0,0.0,0.0,0.0,0.0,0.0,0.0,0.0,1.0,0.0,0.0,0.0,14.0,1.0,0.0,0.0,0.0,0.0,0
0.0,0.0,0.0,1.0,0.0,0.0,0.0,0.0,0.0,0.0,0.0,0.0,0.0,0.0,0.0,0.0,0.0,1.0,0.0,0.0,0.0,0.0,0.0,0.0,1.0,3.0,0.0,1.0,3.0,0.0,0.0,0.0,0.0,0.0,2.0,0.0,0.0,0.0,0.0,0.0,1.0,0.0,0.0,0.0,0.0,0.0,0.0,0.0,0.0,0.0,0.0,2.0,0.0,0.0,0.0,14.0,0.0,0.0,0.0,0.0,0.0,0
0.0,0.0,0.0,0.0,0.0,0.0,0.0,0.0,0.0,0.0,0.0,0.0,0.0,0.0,0.0,0.0,0.0,1.0,0.0,0.0,0.0,0.0,0.0,0.0,1.0,3.0,0.0,1.0,3.0,0.0,0.0,0.0,0.0,0.0,2.0,0.0,0.0,0.0,0.0,0.0,1.0,0.0,0.0,0.0,0.0,0.0,0.0,0.0,0.0,0.0,0.0,1.0,0.0,0.0,0.0,14.0,0.0,0.0,0.0,0.0,0.0,0
0.0,0.0,0.0,0.0,0.0,0.0,0.0,0.0,0.0,0.0,0.0,0.0,0.0,0.0,0.0,0.0,0.0,1.0,0.0,0.0,0.0,0.0,0.0,0.0,1.0,3.0,0.0,1.0,3.0,0.0,0.0,0.0,0.0,0.0,2.0,0.0,0.0,0.0,0.0,0.0,1.0,0.0,0.0,0.0,0.0,0.0,0.0,0.0,0.0,0.0,0.0,1.0,0.0,0.0,0.0,14.0,0.0,0.0,0.0,0.0,0.0,0
0.0,0.0,0.0,0.0,0.0,0.0,0.0,0.0,0.0,0.0,0.0,0.0,0.0,0.0,0.0,0.0,0.0,1.0,0.0,0.0,0.0,0.0,0.0,0.0,1.0,3.0,0.0,1.0,3.0,0.0,0.0,0.0,0.0,0.0,2.0,0.0,0.0,0.0,0.0,0.0,1.0,0.0,0.0,0.0,0.0,0.0,0.0,0.0,0.0,0.0,0.0,1.0,0.0,0.0,0.0,14.0,0.0,0.0,0.0,0.0,0.0,0
0.0,0.0,0.0,2.0,0.0,0.0,0.010632,0.0,0.0,0.0,5.34175,0.0,0.0,0.0,0.0,0.0,0.0,1.0,0.0,0.0,9.21479,0.0,0.0,0.0,0.0,3.0,0.0,1.0,1.0,0.0,0.0,0.0,0.0,0.0,1.0,0.0,0.0,0.0,0.0,0.0,0.0,0.0,0.0,3.0,0.0,0.0,0.0,0.0,0.0,0.15758,0.0,3.0,0.0,0.0,0.0,0.0,1.0,0.0,0.0,0.24341,0.0,0
0.0,0.0,0.0,1.0,0.0,0.0,0.0,0.0,0.0,0.0,0.0,0.0,0.0,0.0,0.0,0.0,0.0,0.0,0.0,0.0,0.0,0.0,0.0,0.0,0.0,0.0,0.0,0.0,1.0,0.0,0.0,0.0,0.0,0.0,0.0,0.0,0.0,0.0,0.0,0.0,0.0,0.0,0.0,0.0,0.0,0.0,0.0,0.0,0.0,0.0,0.0,1.0,0.0,0.0,0.0,7.0,0.0,0.0,0.0,0.0,0.0,0
0.0,0.0,0.0,1.0,0.0,0.0,0.0,0.0,0.0,0.0,0.0,0.0,0.0,0.0,0.0,0.0,0.0,0.0,0.0,0.0,0.0,0.0,0.0,0.0,0.0,0.0,0.0,0.0,1.0,0.0,0.0,0.0,0.0,0.0,0.0,0.0,0.0,0.0,0.0,0.0,0.0,0.0,0.0,0.0,0.0,0.0,0.0,0.0,0.0,0.0,0.0,1.0,0.0,0.0,0.0,7.0,0.0,0.0,0.0,0.0,0.0,0
0.0,0.0,0.0,1.0,0.0,0.0,0.0,0.0,0.0,0.0,0.0,0.0,0.0,0.0,0.0,0.0,0.0,0.0,0.0,0.0,0.0,0.0,0.0,0.0,0.0,0.0,0.0,0.0,1.0,0.0,0.0,0.0,0.0,0.0,0.0,0.0,0.0,0.0,0.0,0.0,0.0,0.0,0.0,0.0,0.0,0.0,0.0,0.0,0.0,0.0,0.0,1.0,0.0,0.0,0.0,7.0,0.0,0.0,0.0,0.0,0.0,0
0.0,0.0,0.0,1.0,0.0,0.0,0.0,0.0,0.0,0.0,0.0,0.0,0.0,0.0,0.0,0.0,0.0,0.0,0.0,0.0,0.0,0.0,0.0,0.0,0.0,0.0,0.0,0.0,1.0,0.0,0.0,0.0,0.0,0.0,0.0,0.0,0.0,0.0,0.0,0.0,0.0,0.0,0.0,0.0,0.0,0.0,0.0,0.0,0.0,0.0,0.0,1.0,0.0,0.0,0.0,7.0,0.0,0.0,0.0,0.0,0.0,0
0.0,0.0,0.0,1.0,0.0,0.0,0.0,0.0,0.0,0.0,0.0,0.0,0.0,0.0,0.0,0.0,0.0,0.0,0.0,0.0,0.0,0.0,0.0,0.0,0.0,0.0,0.0,0.0,1.0,0.0,0.0,0.0,0.0,0.0,0.0,0.0,0.0,0.0,0.0,0.0,0.0,0.0,0.0,0.0,0.0,0.0,0.0,0.0,0.0,0.0,0.0,1.0,0.0,0.0,0.0,7.0,0.0,0.0,0.0,0.0,0.0,0
0.0,0.0,0.0,1.0,0.0,0.0,0.0,0.0,0.0,0.0,0.0,0.0,0.0,0.0,0.0,0.0,0.0,0.0,0.0,0.0,0.0,0.0,0.0,0.0,0.0,0.0,0.0,0.0,1.0,0.0,0.0,0.0,0.0,0.0,0.0,0.0,0.0,0.0,0.0,0.0,0.0,0.0,0.0,0.0,0.0,0.0,0.0,0.0,0.0,0.0,0.0,1.0,0.0,0.0,0.0,7.0,0.0,0.0,0.0,0.0,0.0,0
0.0,0.0,0.0,1.0,0.0,0.0,0.0,0.0,0.0,0.0,0.0,0.0,0.0,0.0,0.0,0.0,0.0,0.0,0.0,0.0,0.0,0.0,0.0,0.0,0.0,0.0,0.0,0.0,1.0,0.0,0.0,0.0,0.0,0.0,0.0,0.0,0.0,0.0,0.0,0.0,0.0,0.0,0.0,0.0,0.0,0.0,0.0,0.0,0.0,0.0,0.0,1.0,0.0,0.0,0.0,7.0,0.0,0.0,0.0,0.0,0.0,0
0.0,0.0,0.0,1.0,0.0,0.0,0.0,0.0,0.0,0.0,0.0,0.0,0.0,0.0,0.0,0.0,0.0,0.0,0.0,0.0,0.0,0.0,0.0,0.0,0.0,0.0,0.0,0.0,1.0,0.0,0.0,0.0,0.0,0.0,0.0,0.0,0.0,0.0,0.0,0.0,0.0,0.0,0.0,0.0,0.0,0.0,0.0,0.0,0.0,0.0,0.0,1.0,0.0,0.0,0.0,7.0,0.0,0.0,0.0,0.0,0.0,0
0.0,0.0,0.0,6.0,0.0,0.0,0.010938,0.0,0.0,0.0,2.38141,0.0,0.0,0.0,0.0,2.0,0.0,11.0,0.0,0.0,9.07779,0.0,0.0,2.02,4.0,59.0,0.0,4.0,1.0,0.0,0.0,0.0,6.0,0.0,18.0,0.008959,0.0,0.009292,3.03,0.0,4.0,4.05,1.0,0.0,0.0,1.0,0.0,0.0,3.03,0.132656,0.0,6.0,0.02421,0.0,0.028398,0.0,3.0,0.028514,2.14,0.205382,0.0,1
3.0,0.0,0.0,2.0,0.0,0.0,0.006836,0.0,0.0,0.0,0.891381,0.0,0.0,0.0,0.0,0.0,0.0,26.0,0.0,0.0,8.95641,0.0,0.0,1.03,8.0,91.0,0.0,9.0,1.0,2.0,0.0,0.0,36.0,0.0,53.0,0.005165,0.0,0.004568,2.02,0.0,10.0,1.02,4.0,0.0,4.0,0.0,0.0,0.0,2.02,0.089138,0.0,4.0,0.017269,0.0,0.004512,9.0,5.0,0.019207,1.12,0.089138,0.0,0
0.0,0.0,0.0,1.0,0.0,0.0,0.010994,0.0,0.0,0.0,6.63337,0.0,0.0,0.0,0.0,0.0,0.0,9.0,0.0,0.0,8.05657,0.0,0.0,1.01,7.0,37.0,0.0,4.0,1.0,1.0,0.0,0.0,6.0,0.0,20.0,0.002427,0.0,0.002515,1.01,0.0,8.0,1.03,2.0,0.0,2.0,0.0,0.0,0.0,1.01,0.12672,1.01,1.0,0.001844,0.001487,0.002565,8.0,4.0,0.003142,1.07,0.172517,0.0,0
1.0,0.0,0.004751,1.0,0.0,0.0,0.000949,0.0,1.01,0.0,1.84703,0.0,0.0,0.0,0.0,0.0,0.0,3.0,0.0,0.0,9.09329,0.0,0.0,0.0,6.0,29.0,0.0,3.0,1.0,1.0,0.0,0.0,3.0,0.0,14.0,0.0,0.0,0.007599,0.0,0.0,7.0,0.0,1.0,2.0,1.0,0.0,0.0,0.0,1.01,0.136921,0.0,3.0,0.0,0.0,0.0,0.0,1.0,0.004677,1.01,0.175609,0.0,0
1.0,0.0,0.012802,0.0,0.0,0.0,0.018634,0.0,1.02,0.0,4.65831,0.0,0.0,0.0,1.0,0.0,0.0,8.0,0.0,0.0,8.04914,0.0,0.0,1.02,2.0,30.0,0.0,5.0,1.0,2.0,0.0,0.0,10.0,0.0,10.0,0.007818,0.0,0.006988,0.0,0.0,3.0,0.0,2.0,0.0,0.0,0.0,0.0,0.0,1.02,0.143022,0.0,0.0,0.0,0.0,0.0,8.0,4.0,0.012947,1.07,0.227034,0.0,0
0.0,0.0,0.0204,1.0,0.0,0.0,0.000949,0.0,4.04,0.0,1.84703,0.0,0.0,0.0,0.0,0.0,0.0,7.0,0.0,0.0,9.09329,0.0,0.0,0.0,1.0,25.0,0.0,5.0,1.0,6.0,0.0,0.0,10.0,0.0,15.0,0.0,0.0,0.0,1.01,0.0,7.0,0.0,1.0,1.0,1.0,0.0,0.0,0.0,3.03,0.136921,1.01,2.0,0.005988,0.005924,0.0,9.0,5.0,0.015045,0.0,0.175609,0.0,0
0.0,0.0,0.0,2.0,0.0,0.0,0.001846,0.0,0.0,0.0,3.17351,0.0,0.0,0.0,0.0,0.0,0.0,2.0,0.0,0.0,9.13106,0.0,0.0,0.0,1.0,9.0,0.0,2.0,1.0,0.0,0.0,0.0,1.0,0.0,6.0,0.0,0.0,0.001327,0.0,0.0,1.0,0.0,0.0,2.0,0.0,0.0,0.0,0.0,0.0,0.140881,0.0,3.0,0.0,0.0,0.0,0.0,2.0,0.0,1.04,0.180758,0.0,0
0.0,0.0,0.0,2.0,0.0,0.0,0.002003,0.0,0.0,0.0,3.95974,0.0,0.0,0.0,0.0,0.0,0.0,7.0,0.0,0.0,9.15318,0.0,0.0,0.0,2.0,30.0,0.0,3.0,1.0,2.0,0.0,0.0,3.0,0.0,11.0,0.0,0.0,0.0,0.0,0.0,4.0,0.0,0.0,3.0,0.0,0.0,0.0,0.0,0.0,0.143127,0.0,3.0,0.0,0.0,0.0,0.0,2.0,0.0,0.0,0.183381,0.0,0
0.0,0.0,0.0,1.0,0.0,0.0,0.00119,0.0,0.0,0.0,3.17351,0.0,0.0,0.0,0.0,1.0,0.0,1.0,0.0,0.0,9.13106,0.0,0.0,0.0,0.0,3.0,0.0,2.0,1.0,1.0,0.0,0.0,1.0,0.0,2.0,0.0,0.0,0.0,0.0,0.0,1.0,0.0,0.0,2.0,0.0,0.0,0.0,0.0,0.0,0.140881,0.0,3.0,0.0,0.0,0.0,0.0,2.0,0.0,0.0,0.180758,0.0,0
0.0,0.0,0.0,1.0,0.0,0.0,0.002321,0.0,0.0,0.0,3.95974,0.0,0.0,0.0,0.0,0.0,0.0,2.0,0.0,0.0,9.15318,0.0,0.0,0.0,0.0,7.0,0.0,2.0,1.0,0.0,0.0,0.0,1.0,0.0,3.0,0.0,0.0,0.0,0.0,0.0,0.0,0.0,0.0,3.0,0.0,0.0,0.0,0.0,0.0,0.143127,0.0,4.0,0.0,0.0,0.0,0.0,2.0,0.0,0.0,0.183381,0.0,0
0.0,0.0,0.0,1.0,0.0,0.0,0.001183,0.0,0.0,0.0,3.95974,0.0,0.0,0.0,0.0,0.0,0.0,2.0,0.0,0.0,9.15318,0.0,0.0,0.0,0.0,3.0,0.0,2.0,1.0,1.0,0.0,0.0,1.0,0.0,2.0,0.0,0.0,0.0,0.0,0.0,1.0,0.0,0.0,3.0,0.0,0.0,0.0,0.0,0.0,0.143127,0.0,3.0,0.0,0.0,0.0,0.0,2.0,0.0,0.0,0.183381,0.0,0
0.0,0.0,0.0,0.0,0.0,0.0,0.000949,0.0,0.0,0.0,1.84703,0.0,0.0,0.0,0.0,1.0,0.0,12.0,0.0,0.0,9.09329,0.0,0.0,0.0,1.0,47.0,0.0,6.0,1.0,1.0,0.0,0.0,15.0,0.0,14.0,0.0,0.0,0.0,0.0,0.0,2.0,0.0,2.0,2.0,1.0,0.0,0.0,0.0,0.0,0.136921,0.0,3.0,0.0,0.0,0.0,0.0,4.0,0.0,0.0,0.175609,0.0,0
0.0,0.0,0.0,0.0,0.0,0.0,0.001094,0.0,0.0,0.0,3.13741,0.0,0.0,0.0,0.0,0.0,0.0,4.0,0.0,0.0,9.14037,0.0,0.0,0.0,0.0,9.0,0.0,4.0,1.0,0.0,0.0,0.0,6.0,0.0,7.0,0.0,0.0,0.0,0.0,0.0,0.0,0.0,0.0,3.0,0.0,0.0,0.0,0.0,0.0,0.14525,0.0,3.0,0.0,0.0,0.0,0.0,4.0,0.0,0.0,0.20589,0.0,0
0.0,0.0,0.0,1.0,0.0,0.0,0.000949,0.0,0.0,0.0,1.84703,0.0,0.0,0.0,0.0,0.0,0.0,5.0,0.0,0.0,9.09329,0.0,0.0,0.0,1.0,17.0,0.0,4.0,1.0,2.0,0.0,0.0,6.0,0.0,10.0,0.0,0.0,0.0,0.0,0.0,3.0,0.0,1.0,2.0,1.0,0.0,0.0,0.0,0.0,0.136921,0.0,2.0,0.0,0.0,0.0,9.0,4.0,0.0,0.0,0.175609,0.0,0
0.0,0.0,0.0,0.0,0.0,0.0,0.000949,0.0,0.0,0.0,1.84703,0.0,0.0,0.0,0.0,2.0,0.0,4.0,0.0,0.0,9.09329,0.0,0.0,0.0,0.0,12.0,0.0,5.0,1.0,1.0,0.0,0.0,10.0,0.0,5.0,0.0,0.0,0.0,0.0,0.0,1.0,0.0,0.0,1.0,0.0,0.0,0.0,0.0,0.0,0.136921,1.01,2.0,0.0,0.005924,0.0,13.0,5.0,0.0,0.0,0.175609,0.0,0
0.0,0.0,0.000528,1.0,0.0,0.0,0.008969,0.0,1.01,0.0,7.82241,0.0,0.0,0.0,0.0,0.0,0.0,1.0,0.0,0.0,8.13587,0.0,0.0,0.0,0.0,3.0,0.0,1.0,1.0,6.0,0.0,0.0,0.0,0.0,1.0,0.0,0.0,0.0,0.0,0.0,6.0,0.0,1.0,0.0,1.0,0.0,0.0,0.0,1.01,0.154243,2.03,1.0,0.0,0.002221,0.0,22.0,1.0,0.000924,0.0,0.232065,0.0,0
0.0,0.0,0.0,1.0,0.0,0.0,0.007468,0.0,0.0,0.0,3.37801,0.0,0.0,0.0,0.0,1.0,0.0,2.0,0.0,0.0,9.16485,0.0,0.0,0.0,0.0,5.0,0.0,3.0,1.0,1.0,0.0,0.0,3.0,0.0,3.0,0.0,0.0,0.0,0.0,0.0,1.0,0.0,0.0,2.0,0.0,0.0,0.0,0.0,0.0,0.154967,1.01,4.0,0.0,0.005924,0.0,9.0,3.0,0.0,0.0,0.247924,0.0,0
0.0,0.0,0.003386,1.0,0.0,0.0,0.001987,0.0,2.02,0.0,4.6171,0.0,0.0,0.0,0.0,1.0,0.0,0.0,0.0,0.0,9.20101,0.0,0.0,0.0,0.0,0.0,0.0,1.0,1.0,3.0,0.0,0.0,0.0,0.0,1.0,0.0,0.0,0.0,0.0,0.0,3.0,0.0,0.0,3.0,0.0,0.0,0.0,0.0,2.02,0.158163,2.02,5.0,0.0,0.009791,0.0,9.0,1.0,0.003659,0.0,0.257835,0.0,0
0.0,0.0,0.0,3.0,0.0,0.0,0.002598,0.0,0.0,0.0,4.13774,0.0,0.0,0.0,0.0,0.0,0.0,0.0,0.0,0.0,9.19488,0.0,0.002283,0.0,0.0,0.0,1.0,0.0,2.0,0.0,0.0,0.0,0.0,1.01,0.0,0.0,0.0,0.0,0.0,0.0,0.0,0.0,0.0,5.0,0.0,0.0,0.0,0.0,0.0,0.160993,1.01,9.0,0.0,0.001915,0.0,2.0,0.0,0.0,0.0,0.272482,0.0,0
0.0,0.0,0.019803,1.0,0.0,0.0,0.001329,0.0,2.04,0.0,4.57121,0.0,0.0,0.0,0.0,1.0,0.0,2.0,0.0,0.0,9.18643,0.0,0.0,0.0,1.0,6.0,0.0,7.0,1.0,6.0,0.0,0.0,21.0,0.0,11.0,0.0,0.0,0.0,0.0,0.0,7.0,0.0,0.0,2.0,0.0,0.0,0.0,0.0,2.04,0.152088,2.02,4.0,0.0,0.009791,0.0,9.0,7.0,0.01972,0.0,0.225109,0.0,0
0.0,0.0,0.009756,3.0,0.0,0.0,0.002681,0.0,3.04,0.0,4.82202,0.0,0.0,0.0,0.0,2.0,0.0,1.0,0.0,0.0,9.23158,0.0,0.0,0.0,0.0,3.0,0.0,2.0,1.0,4.0,0.0,0.0,1.0,0.0,2.0,0.0,0.0,0.0,0.0,0.0,4.0,0.0,0.0,3.0,0.0,0.0,0.0,0.0,3.04,0.171605,0.0,5.0,0.0,0.0,0.0,0.0,2.0,0.010384,0.0,0.313272,0.0,0
0.0,0.0,0.009522,1.0,0.0,0.0,0.001328,0.0,1.01,0.0,1.84703,0.0,0.0,0.0,0.0,3.0,0.0,5.0,0.0,0.0,9.09329,0.0,0.0,0.0,1.0,14.0,0.0,4.0,1.0,4.0,0.0,0.0,6.0,0.0,5.0,0.0,0.0,0.0,0.0,0.0,5.0,0.0,2.0,2.0,2.0,0.0,0.0,0.0,1.01,0.136921,1.02,3.0,0.0,0.005924,0.0,18.0,4.0,0.008915,0.0,0.175609,0.0,0
0.0,0.0,0.0,1.0,0.0,0.0,0.002594,0.0,0.0,0.0,1.28083,0.0,0.0,0.0,0.0,0.0,0.0,1.0,0.0,0.0,0.03561,0.0,0.0,0.0,0.0,5.0,0.0,1.0,1.0,0.0,0.0,0.0,0.0,0.0,3.0,0.0,0.0,0.0,0.0,0.0,0.0,0.0,0.0,0.0,0.0,0.0,0.0,0.0,0.0,0.003512,2.02,1.0,0.0,0.00831,0.0,9.0,1.0,0.0,0.0,0.003692,0.0,0
0.0,0.0,0.001696,1.0,0.0,0.0,0.002053,0.0,1.01,0.0,5.87331,0.0,0.0,0.0,0.0,5.0,0.0,5.0,0.0,0.0,9.21823,0.0,0.0,0.0,0.0,16.0,0.0,5.0,1.0,2.0,0.0,0.0,10.0,0.0,5.0,0.0,0.0,0.0,0.0,0.0,2.0,0.0,3.0,4.0,3.0,0.0,0.0,0.0,1.01,0.153404,2.04,4.0,0.0,0.009791,0.0,18.0,5.0,0.002684,0.0,0.21647,0.0,0
0.0,0.0,0.0,1.0,0.0,0.0,0.001328,0.0,0.0,0.0,1.84703,0.0,0.0,0.0,0.0,6.0,0.0,1.0,0.0,0.0,9.09329,0.0,0.0,0.0,0.0,3.0,0.0,1.0,1.0,0.0,0.0,0.0,0.0,0.0,1.0,0.0,0.0,0.0,0.0,0.0,0.0,0.0,1.0,2.0,1.0,0.0,0.0,0.0,0.0,0.136921,2.03,2.0,0.0,0.033647,0.0,25.0,1.0,0.0,0.0,0.175609,0.0,0
0.0,0.0,0.004979,3.0,0.0,0.0,0.00219,0.0,3.09,0.0,5.9125,0.0,0.0,0.0,0.0,5.0,0.0,1.0,0.0,0.0,9.20801,1.01,0.0,0.0,0.0,3.0,0.0,1.0,1.0,6.0,0.00211,0.0,0.0,0.0,1.0,0.0,0.0,0.0,0.0,0.0,6.0,0.0,1.0,2.0,1.0,0.0,0.0,0.0,3.09,0.148683,3.05,4.0,0.0,0.037515,0.0,25.0,1.0,0.006681,0.0,0.189885,0.0,0
0.0,0.0,0.006419,0.0,0.0,0.0,0.002991,0.0,1.01,0.0,3.26838,0.0,0.0,0.0,0.0,1.0,0.0,2.0,0.0,0.0,9.16383,1.01,0.0,0.0,0.0,6.0,0.0,6.0,1.0,0.0,0.003737,0.0,15.0,0.0,6.0,0.0,0.0,0.0,0.0,0.0,0.0,0.0,0.0,2.0,0.0,0.0,0.0,0.0,1.01,0.155894,1.01,3.0,0.0,0.005924,0.0,9.0,6.0,0.006488,0.0,0.24972,0.0,0
0.0,0.0,0.0,1.0,0.0,0.0,0.001308,0.0,0.0,0.0,3.37801,0.0,0.0,0.0,0.0,3.0,0.0,0.0,0.0,0.0,9.16485,1.02,0.0,0.0,0.0,0.0,0.0,2.0,1.0,2.0,0.003737,0.0,1.0,0.0,2.0,0.0,0.0,0.0,0.0,0.0,2.0,0.0,0.0,1.0,0.0,0.0,0.0,0.0,0.0,0.154967,1.01,3.0,0.0,0.005924,0.0,9.0,2.0,0.0,0.0,0.247924,0.0,0
0.0,0.0,0.0,2.0,0.0,0.0,0.001699,0.0,0.0,0.0,3.4091,0.0,0.0,0.0,0.0,2.0,0.0,4.0,0.0,0.0,9.16273,1.01,0.0,0.0,0.0,8.0,0.0,4.0,1.0,0.0,0.0,0.0,6.0,0.0,4.0,0.0,0.0,0.0,0.0,0.0,0.0,0.0,0.0,4.0,0.0,0.0,0.0,0.0,0.0,0.153414,1.01,4.0,0.0,0.005924,0.0,13.0,4.0,0.0,0.0,0.242476,0.0,0
0.0,0.0,0.0,2.0,0.0,0.0,0.001814,0.0,0.0,0.0,4.74807,0.0,0.0,0.0,0.0,1.0,0.0,0.0,0.0,0.0,9.22447,1.01,0.0,0.0,0.0,0.0,0.0,2.0,1.0,2.0,0.0262,0.0,1.0,0.0,2.0,0.0,0.0,0.0,0.0,0.0,2.0,0.0,0.0,3.0,0.0,0.0,0.0,0.0,0.0,0.168807,1.01,3.0,0.0,0.005924,0.0,9.0,2.0,0.0,0.0,0.301664,0.0,0
0.0,0.002778,0.002706,1.0,0.0,1.01,0.004267,0.003194,1.01,0.002878,4.83045,0.0,0.0,1.02,0.0,3.0,0.0,3.0,0.0,1.01,9.23327,1.01,0.0,1.02,0.0,9.0,0.0,3.0,1.0,3.0,0.002601,0.0,3.0,0.0,3.0,0.003109,0.002818,0.003167,0.0,1.07,3.0,1.02,1.0,3.0,1.0,0.0,1.02,0.0,1.01,0.172387,0.0,4.0,0.0,0.0,0.003089,0.0,3.0,0.003235,1.06,0.316587,0.00322,0
0.0,0.0,0.0,0.0,0.0,0.0,0.001138,0.0,0.0,0.0,1.84703,0.0,0.0,0.0,0.0,0.0,0.0,3.0,0.0,0.0,9.09329,1.01,0.0,0.0,1.0,7.0,0.0,2.0,1.0,2.0,0.004825,0.0,1.0,0.0,5.0,0.0,0.0,0.0,0.0,0.0,3.0,0.0,0.0,1.0,0.0,0.0,0.0,0.0,0.0,0.136921,0.0,3.0,0.0,0.0,0.0,0.0,2.0,0.0,0.0,0.175609,0.0,0
0.0,0.0,0.020364,1.0,0.0,0.0,0.001402,0.0,5.07,0.0,3.26838,0.0,0.0,0.0,0.0,4.0,0.0,0.0,0.0,0.0,9.16383,1.01,0.0,0.0,0.0,0.0,0.0,6.0,1.0,7.0,0.002601,0.0,15.0,0.0,6.0,0.0,0.0,0.0,0.0,0.0,7.0,0.0,0.0,3.0,0.0,0.0,0.0,0.0,5.07,0.155894,1.01,3.0,0.0,0.005924,0.0,9.0,6.0,0.022424,0.0,0.24972,0.0,0
0.0,0.0,0.0,1.0,0.0,0.0,0.001984,0.0,0.0,0.0,4.88878,0.0,0.0,0.0,0.0,6.0,0.0,1.0,0.0,0.0,9.22338,1.04,0.0,0.0,0.0,2.0,0.0,1.0,1.0,0.0,0.002601,0.0,0.0,0.0,1.0,0.0,0.0,0.0,0.0,0.0,0.0,0.0,0.0,5.0,0.0,0.0,0.0,0.0,0.0,0.166327,0.0,8.0,0.0,0.0,0.0,0.0,0.0,0.0,0.0,0.29442,0.0,0
0.0,0.0,0.0,1.0,0.0,2.03,0.001399,0.0,0.0,0.0,3.4091,0.0,0.0,0.0,0.0,5.0,0.0,0.0,0.0,0.0,9.16273,3.04,0.0,0.0,0.0,0.0,0.0,5.0,1.0,1.0,0.010534,0.0,10.0,0.0,5.0,0.0,0.006239,0.0,0.0,0.0,1.0,0.0,3.0,3.0,0.0,0.0,0.0,0.0,0.0,0.153414,1.01,4.0,0.0,0.005924,0.0,9.0,5.0,0.0,0.0,0.242476,0.0,0
0.0,0.0,0.036522,2.0,0.0,0.0,0.003629,0.0,6.09,0.0,4.81344,0.0,0.0,0.0,0.0,4.0,0.0,0.0,0.0,0.0,9.22957,3.03,0.0,0.0,0.0,0.0,0.0,4.0,1.0,7.0,0.010767,0.0,6.0,0.0,4.0,0.0,0.0,0.0,0.0,0.0,7.0,0.0,0.0,4.0,0.0,0.0,0.0,0.0,6.09,0.170646,1.01,4.0,0.0,0.005924,0.0,9.0,4.0,0.037152,0.0,0.309565,0.0,0
0.0,0.002793,0.0,1.0,0.0,0.0,0.001291,0.002991,0.0,0.0,4.17741,0.0,0.0,1.01,0.0,1.0,0.0,1.0,0.0,0.0,9.19476,2.02,0.0,1.01,0.0,2.0,0.0,2.0,1.0,1.0,0.006137,0.0,1.0,0.0,2.0,0.002922,0.0,0.002936,0.0,1.02,1.0,1.01,0.0,3.0,0.0,0.0,1.01,0.0,0.0,0.160399,2.02,4.0,0.0,0.008265,0.003043,10.0,2.0,0.0,1.02,0.270741,0.003052,0
0.0,0.0,0.009307,5.0,0.0,0.0,0.006046,0.0,2.04,0.003264,4.88878,0.0,0.0,0.0,0.0,1.0,0.0,5.0,0.0,1.02,9.22338,2.02,0.0,1.07,0.0,15.0,0.0,6.0,1.0,2.0,0.007574,0.0,15.0,0.0,6.0,0.002922,0.0,0.002936,1.03,0.0,2.0,1.1,2.0,5.0,2.0,0.0,0.0,0.0,2.07,0.166327,1.01,8.0,0.003409,0.005924,0.003043,9.0,6.0,0.009715,1.41,0.29442,0.0,0
0.0,0.0,0.006419,3.0,0.0,0.0,0.001467,0.0,1.03,0.0,4.10346,0.0,0.0,0.0,0.0,0.0,0.0,9.0,0.0,0.0,9.18766,2.02,0.0,0.0,3.0,24.0,0.0,4.0,1.0,0.0,0.004973,0.0,6.0,0.0,10.0,0.0,0.0,0.0,0.0,0.0,3.0,0.0,1.0,3.0,0.0,0.0,0.0,0.0,1.03,0.157601,0.0,4.0,0.0,0.0,0.0,0.0,2.0,0.006488,0.0,0.259133,0.0,0
0.0,0.0,0.0,0.0,0.0,0.0,0.002087,0.0,0.0,0.0,1.84703,0.0,0.0,0.0,0.0,3.0,0.0,0.0,0.0,0.0,9.09329,0.0,0.0,0.0,0.0,0.0,0.0,2.0,1.0,2.0,0.0,0.0,1.0,0.0,2.0,0.0,0.0,0.0,0.0,0.0,2.0,0.0,0.0,2.0,0.0,0.0,0.0,0.0,0.0,0.136921,1.01,2.0,0.0,0.005924,0.0,9.0,2.0,0.0,0.0,0.175609,0.0,0
0.0,0.0,0.0,1.0,0.0,0.0,0.000949,0.0,0.0,0.0,1.84703,0.0,0.0,0.0,0.0,0.0,0.0,2.0,0.0,0.0,9.09329,0.0,0.0,0.0,0.0,6.0,0.0,1.0,1.0,0.0,0.0,0.0,0.0,0.0,1.0,0.0,0.0,0.0,0.0,0.0,0.0,0.0,0.0,1.0,0.0,0.0,0.0,0.0,0.0,0.136921,0.0,2.0,0.0,0.0,0.0,9.0,1.0,0.0,0.0,0.175609,0.0,0
0.0,0.0,0.0,1.0,0.0,0.0,0.000949,0.0,0.0,0.0,1.84703,0.0,0.0,0.0,0.0,1.0,0.0,2.0,0.0,0.0,9.09329,0.0,0.0,0.0,0.0,4.0,0.0,2.0,1.0,0.0,0.0,0.0,1.0,0.0,2.0,0.0,0.0,0.0,0.0,0.0,0.0,0.0,0.0,2.0,0.0,0.0,0.0,0.0,0.0,0.136921,0.0,2.0,0.0,0.0,0.0,0.0,1.0,0.0,0.0,0.175609,0.0,0
0.0,0.0,0.0,0.0,0.0,0.0,0.000949,0.0,0.0,0.0,1.84703,0.0,0.0,0.0,0.0,0.0,0.0,1.0,0.0,0.0,9.09329,0.0,0.0,0.0,1.0,4.0,0.0,1.0,1.0,0.0,0.0,0.0,0.0,0.0,3.0,0.0,0.0,0.0,0.0,0.0,1.0,0.0,0.0,1.0,0.0,0.0,0.0,0.0,0.0,0.136921,0.0,3.0,0.0,0.0,0.0,0.0,1.0,0.0,0.0,0.175609,0.0,0
0.0,0.0,0.0,0.0,0.0,0.0,0.000949,0.0,0.0,0.0,1.84703,0.0,0.0,0.0,0.0,0.0,0.0,3.0,0.0,0.0,9.09329,0.0,0.0,0.0,1.0,10.0,0.0,1.0,1.0,0.0,0.0,0.0,0.0,0.0,4.0,0.0,0.0,0.0,0.0,0.0,1.0,0.0,0.0,1.0,0.0,0.0,0.0,0.0,0.0,0.136921,0.0,2.0,0.0,0.0,0.0,0.0,1.0,0.0,0.0,0.175609,0.0,0
0.0,0.0,0.0,1.0,0.0,0.0,0.000669,0.0,0.0,0.0,1.17515,0.0,0.0,0.0,0.0,0.0,0.0,3.0,0.0,0.0,0.040252,0.0,0.0,0.0,1.0,9.0,0.0,3.0,2.0,4.0,0.0,0.0,3.0,0.0,4.0,0.0,0.0,0.0,0.0,0.0,5.0,0.0,1.0,0.0,1.0,0.0,0.0,0.0,0.0,0.006345,1.01,1.0,0.0,0.027761,0.0,11.0,3.0,0.0,0.0,0.020379,0.0,0
0.0,0.0,0.0,0.0,0.0,0.0,0.001121,0.0,0.0,0.0,3.17351,0.0,0.0,0.0,0.0,0.0,0.0,0.0,0.0,0.0,9.13106,0.0,0.0,0.0,0.0,0.0,0.0,0.0,1.0,0.0,0.0,0.0,0.0,0.0,0.0,0.0,0.0,0.0,0.0,0.0,0.0,0.0,0.0,2.0,0.0,0.0,0.0,0.0,0.0,0.140881,2.02,2.0,0.0,0.009791,0.0,9.0,0.0,0.0,0.0,0.180758,0.0,0
0.0,0.0,0.0,0.0,0.0,0.0,0.0,0.0,0.0,0.0,0.0,0.0,0.0,0.0,0.0,0.0,0.0,2.0,0.0,0.0,0.0,0.0,0.0,0.0,1.0,9.0,0.0,2.0,2.0,2.0,0.0,0.0,1.0,0.0,7.0,0.0,0.0,0.0,0.0,0.0,3.0,0.0,0.0,0.0,0.0,0.0,0.0,0.0,0.0,0.0,0.0,1.0,0.0,0.0,0.0,13.0,1.0,0.0,0.0,0.0,0.0,0
0.0,0.0,0.0,1.0,0.0,0.0,0.0,0.0,0.0,0.0,0.0,0.0,0.0,0.0,0.0,0.0,0.0,3.0,0.0,0.0,0.0,0.0,0.0,0.0,0.0,8.0,0.0,4.0,2.0,1.0,0.0,0.0,6.0,0.0,4.0,0.0,0.0,0.0,0.0,0.0,1.0,0.0,0.0,0.0,0.0,0.0,0.0,0.0,0.0,0.0,0.0,1.0,0.0,0.0,0.0,12.0,4.0,0.0,0.0,0.0,0.0,0
0.0,0.0,0.0,0.0,0.0,0.0,0.0,0.0,0.0,0.0,0.0,0.0,0.0,0.0,0.0,0.0,0.0,1.0,0.0,0.0,0.0,0.0,0.0,0.0,0.0,3.0,0.0,2.0,2.0,1.0,0.0,0.0,1.0,0.0,2.0,0.0,0.0,0.0,0.0,0.0,1.0,0.0,0.0,0.0,0.0,0.0,0.0,0.0,0.0,0.0,0.0,1.0,0.0,0.0,0.0,10.0,2.0,0.0,0.0,0.0,0.0,0
0.0,0.0,0.0,3.0,0.0,0.0,0.000829,0.0,0.0,0.0,2.38141,0.0,0.0,0.0,0.0,0.0,0.0,1.0,0.0,0.0,9.07779,0.0,0.0,0.0,2.0,5.0,0.0,1.0,1.0,0.0,0.0,0.0,0.0,0.0,5.0,0.0,0.0,0.0,0.0,0.0,2.0,0.0,0.0,0.0,0.0,1.0,0.0,0.0,0.0,0.132656,0.0,3.0,0.0,0.0,0.0,0.0,1.0,0.0,0.0,0.205382,0.0,0
0.0,0.0,0.0,1.0,0.0,0.0,0.0,0.0,0.0,0.0,0.0,0.0,0.0,0.0,0.0,0.0,0.0,0.0,0.0,0.0,0.0,0.0,0.0,0.0,0.0,0.0,0.0,1.0,2.0,1.0,0.0,0.0,0.0,0.0,1.0,0.0,0.0,0.0,0.0,0.0,1.0,0.0,0.0,0.0,0.0,0.0,0.0,0.0,0.0,0.0,0.0,1.0,0.0,0.0,0.0,7.0,1.0,0.0,0.0,0.0,0.0,0
0.0,0.0,0.0,2.0,0.0,0.0,0.0,0.0,0.0,0.0,0.0,0.0,0.0,0.0,0.0,0.0,0.0,3.0,0.0,0.0,0.0,0.0,0.0,0.0,2.0,7.0,0.0,1.0,2.0,0.0,0.0,0.0,0.0,0.0,5.0,0.0,0.0,0.0,0.0,0.0,2.0,0.0,0.0,0.0,0.0,0.0,0.0,0.0,0.0,0.0,0.0,2.0,0.0,0.0,0.0,10.0,1.0,0.0,0.0,0.0,0.0,0
0.0,0.0,0.027733,1.0,0.0,0.0,0.001518,0.0,2.02,0.0,1.84703,0.0,0.0,0.0,0.0,0.0,0.0,1.0,0.0,0.0,9.09329,0.0,0.0,0.0,1.0,3.0,0.0,2.0,1.0,0.0,0.0,0.0,1.0,0.0,5.0,0.0,0.0,0.0,0.0,0.0,1.0,0.0,0.0,1.0,0.0,0.0,0.0,0.0,2.02,0.136921,2.02,2.0,0.0,0.009791,0.0,9.0,2.0,0.026957,0.0,0.175609,0.0,0
1.0,0.0,0.0,0.0,0.0,0.0,0.001328,0.0,0.0,0.0,1.84703,0.0,0.0,0.0,0.0,0.0,0.0,2.0,0.0,0.0,9.09329,0.0,0.0,0.0,2.0,9.0,0.0,1.0,1.0,0.0,0.0,0.0,0.0,0.0,5.0,0.0,0.0,0.0,0.0,0.0,2.0,0.0,0.0,1.0,0.0,0.0,0.0,0.0,0.0,0.136921,0.0,2.0,0.0,0.0,0.0,0.0,0.0,0.0,0.0,0.175609,0.0,0
0.0,0.0,0.0,1.0,0.0,0.0,0.001587,0.0,0.0,0.0,4.88878,0.0,0.0,0.0,0.0,0.0,0.0,2.0,0.0,0.0,9.22338,0.0,0.0,0.0,1.0,5.0,0.0,1.0,2.0,0.0,0.0,0.0,0.0,0.0,2.0,0.0,0.0,0.0,0.0,0.0,1.0,0.0,0.0,3.0,0.0,0.0,0.0,0.0,0.0,0.166327,0.0,5.0,0.0,0.0,0.0,1.0,0.0,0.0,0.0,0.29442,0.0,0
0.0,0.0,0.0,2.0,0.0,0.0,0.001252,0.0,0.0,0.0,3.95974,0.0,0.0,0.0,0.0,0.0,0.0,1.0,0.0,0.0,9.15318,0.0,0.0,0.0,0.0,6.0,0.0,2.0,1.0,0.0,0.0,0.0,1.0,0.0,3.0,0.0,0.0,0.0,0.0,0.0,0.0,0.0,1.0,3.0,1.0,0.0,0.0,0.0,0.0,0.143127,0.0,3.0,0.0,0.0,0.0,0.0,2.0,0.0,0.0,0.183381,0.0,0
1.0,0.009289,0.0,1.0,0.0,0.0,0.003108,0.0,0.0,0.0,1.54522,0.0,1.01,1.01,10.0,0.0,0.0,17.0,0.012197,0.0,0.089145,0.0,0.0,1.01,8.0,75.0,0.0,8.0,2.0,5.0,0.0,0.0,28.0,0.0,28.0,0.011247,0.0,0.011241,0.0,1.07,11.0,1.02,10.0,0.0,0.0,0.0,0.0,0.0,0.0,0.027315,0.0,1.0,0.0,0.0,0.011224,13.0,4.0,0.0,1.04,0.096226,0.011041,0
1.0,0.011172,0.017931,0.0,0.0,0.0,0.0,0.012529,1.01,0.0,0.0,0.0,0.0,1.01,0.0,0.0,0.0,3.0,0.0,0.0,0.0,0.0,0.0,0.0,3.0,12.0,0.0,2.0,2.0,1.0,0.0,0.0,1.0,0.0,7.0,0.0,0.0,0.009937,1.01,1.01,4.0,2.02,0.0,0.0,0.0,0.0,1.01,0.0,2.02,0.0,0.0,1.0,0.009726,0.0,0.024143,16.0,1.0,0.029645,1.03,0.0,0.012396,0
1.0,0.003527,0.0,4.0,0.0,1.01,0.005796,0.0,0.0,0.004049,1.49003,0.0,0.0,1.01,0.0,0.0,0.0,11.0,0.0,1.01,0.121386,0.0,0.0,1.01,5.0,46.0,0.0,9.0,2.0,2.0,0.0,0.0,36.0,0.0,22.0,0.004719,0.004001,0.009111,0.0,1.08,6.0,1.02,5.0,0.0,3.0,0.0,0.0,0.0,0.0,0.043518,1.1,4.0,0.0,0.027723,0.005461,22.0,1.0,0.0,2.05,0.116244,0.004417,1
0.0,0.0,0.002302,2.0,0.0,0.0,0.001313,0.0,1.01,0.0,3.95974,0.0,0.0,0.0,0.0,0.0,1.0,1.0,0.0,0.0,9.15318,0.0,0.0,0.0,0.0,3.0,0.0,2.0,1.0,3.0,0.0,0.0,1.0,0.0,3.0,0.0,0.0,0.0,0.0,0.0,3.0,0.0,1.0,2.0,0.0,1.0,0.0,0.0,1.01,0.143127,0.0,3.0,0.0,0.0,0.0,0.0,2.0,0.002692,0.0,0.183381,0.0,0
0.0,0.0,0.0,1.0,0.0,0.0,0.013055,0.0,0.0,0.0,3.81886,0.0,0.0,0.0,0.0,0.0,0.0,16.0,0.0,0.0,0.209658,0.0,0.0,0.0,5.0,88.0,0.0,8.0,2.0,1.0,0.0,0.0,28.0,0.0,35.0,0.0,0.0,0.0,0.0,0.0,6.0,0.0,5.0,0.0,0.0,0.0,0.0,0.0,0.0,0.056466,5.08,1.0,0.0,0.01379,0.0,33.0,7.0,0.0,0.0,0.108135,0.0,0
0.0,0.0,0.0,0.0,0.0,0.0,0.00834,0.0,0.0,0.0,2.56045,0.0,0.0,0.0,0.0,0.0,0.0,16.0,0.0,0.0,0.057945,0.0,0.0,0.0,3.0,86.0,0.0,8.0,2.0,1.0,0.0,0.0,28.0,0.0,34.0,0.0,0.0,0.001659,0.0,0.0,4.0,0.0,8.0,0.0,0.0,0.0,0.0,0.0,0.0,0.003092,3.03,0.0,0.0,0.008406,0.0,24.0,7.0,0.0,1.01,8.7e-05,0.0,0
0.0,0.0,0.0,2.0,0.0,0.0,0.013716,0.0,0.0,0.0,5.27155,0.0,0.0,0.0,0.0,0.0,0.0,16.0,0.0,0.0,0.248653,0.0,0.0,0.0,3.0,83.0,0.0,8.0,2.0,1.0,0.0,0.0,28.0,0.0,34.0,0.0,0.0,0.001659,0.0,0.0,4.0,0.0,8.0,0.0,0.0,0.0,0.0,0.0,0.0,0.059968,3.03,2.0,0.0,0.008406,0.0,24.0,7.0,0.0,1.01,0.110674,0.0,0
0.0,0.0,0.0,0.0,0.0,0.0,0.0,0.0,0.0,0.0,0.0,0.0,0.0,0.0,0.0,1.0,0.0,24.0,0.0,0.0,0.0,0.0,0.0,0.0,3.0,78.0,0.0,10.0,2.0,1.0,0.0,0.0,45.0,0.0,28.0,0.0,0.0,0.003043,3.03,0.0,4.0,0.0,8.0,1.0,6.0,0.0,0.0,0.0,3.03,0.0,2.06,2.0,0.035034,0.009791,0.0,35.0,4.0,0.039118,1.02,0.0,0.0,0
0.0,0.0,0.0,0.0,0.0,0.0,0.002208,0.0,0.0,0.0,4.07501,0.0,0.0,0.0,0.0,0.0,0.0,1.0,0.0,0.0,0.097153,0.0,0.0,0.0,0.0,3.0,0.0,2.0,1.0,1.0,0.0,0.0,1.0,0.0,2.0,0.0,0.0,0.0,0.0,0.0,1.0,0.0,0.0,0.0,0.0,0.0,0.0,0.0,0.0,0.006219,1.01,0.0,0.0,0.001487,0.0,8.0,2.0,0.0,0.0,0.001031,0.0,0
0.0,0.026057,0.04129,2.0,0.0,0.0,0.054125,0.0,2.03,0.0,3.69563,0.0,0.0,1.02,0.0,0.0,0.0,10.0,0.0,0.0,0.158247,0.0,0.0,2.04,2.0,79.0,0.0,6.0,2.0,4.0,0.0,0.0,15.0,0.0,18.0,0.041513,0.0,0.041251,0.0,1.09,6.0,2.05,11.0,0.0,11.0,0.0,0.0,0.0,2.03,0.037238,2.02,2.0,0.0,0.00831,0.041832,15.0,0.0,0.040072,2.08,0.12715,0.031012,0
0.0,0.0,0.0,1.0,0.0,0.0,0.023219,0.0,0.0,0.0,6.45512,0.0,0.0,0.0,0.0,0.0,0.0,25.0,0.0,0.0,0.209384,0.0,0.0,0.0,2.0,63.0,0.0,10.0,2.0,4.0,0.0,0.0,45.0,0.0,23.0,0.0,0.0,0.003043,1.02,0.0,6.0,0.0,5.0,3.0,5.0,0.0,0.0,0.0,1.02,0.030019,2.06,4.0,0.002623,0.009791,0.0,37.0,10.0,0.002692,1.04,0.084371,0.0,0
0.0,0.0,0.0,2.0,0.0,0.0,0.002386,0.0,0.0,0.0,5.1154,0.0,0.0,0.0,0.0,2.0,0.0,22.0,0.0,0.0,0.121597,0.0,0.0,0.0,3.0,82.0,0.0,9.0,2.0,2.0,0.0,0.0,36.0,0.0,22.0,0.0,0.0,0.0,0.0,0.0,5.0,0.0,8.0,0.0,0.0,0.0,0.0,0.0,0.0,0.007694,2.02,2.0,0.0,0.005047,0.0,15.0,6.0,0.0,0.0,0.00113,0.0,0
3.0,0.0,0.0,3.0,0.0,0.0,0.330227,0.0,0.0,0.0,5.57658,0.0,0.0,0.0,0.0,0.0,0.0,26.0,0.0,0.0,0.133843,0.0,0.0,0.0,2.0,95.0,0.0,5.0,2.0,0.0,0.0,0.0,10.0,0.0,17.0,0.0,0.0,0.0,0.0,0.0,2.0,0.0,1.0,2.0,1.0,1.0,0.0,0.0,0.0,0.008655,2.02,4.0,0.0,0.009791,0.0,12.0,2.0,0.0,0.0,0.001017,0.0,0
3.0,0.0,0.0,2.0,0.0,1.01,0.159366,0.0,0.0,0.000628,5.38882,0.0,0.0,0.0,0.0,0.0,0.0,22.0,0.0,1.01,0.12658,0.0,0.0,0.0,7.0,76.0,0.0,10.0,1.0,1.0,0.0,0.0,45.0,0.0,29.0,0.0,0.000627,0.000831,0.0,0.0,7.0,0.0,9.0,0.0,6.0,0.0,0.0,0.0,0.0,0.007778,2.05,2.0,0.0,0.002379,0.0,33.0,5.0,0.0,1.08,0.001539,0.0,1
0.0,0.0,0.0,0.0,0.0,0.0,0.002208,0.0,0.0,0.0,4.07501,0.0,0.0,0.0,0.0,0.0,0.0,14.0,0.0,0.0,0.097153,0.0,0.0,0.0,3.0,49.0,0.0,8.0,2.0,1.0,0.0,0.0,28.0,0.0,21.0,0.0,0.0,0.0,0.0,0.0,4.0,0.0,7.0,0.0,7.0,0.0,0.0,0.0,0.0,0.006219,1.01,0.0,0.0,0.001487,0.0,26.0,8.0,0.0,0.0,0.001031,0.0,0
1.0,0.0,0.0,1.0,0.0,0.0,0.0,0.0,0.0,0.0,0.0,0.0,0.0,0.0,0.0,0.0,0.0,19.0,0.0,0.0,0.0,0.0,0.0,0.0,7.0,74.0,0.0,8.0,2.0,2.0,0.0,0.0,28.0,0.0,41.0,0.0,0.0,0.0,0.0,0.0,9.0,0.0,6.0,0.0,6.0,0.0,0.0,0.0,0.0,0.0,0.0,2.0,0.0,0.0,0.0,17.0,7.0,0.0,0.0,0.0,0.0,1
1.0,0.0,0.0,1.0,0.0,0.0,0.0,0.0,0.0,0.0,0.0,0.0,0.0,0.0,0.0,0.0,0.0,12.0,0.0,0.0,0.0,0.0,0.0,0.0,13.0,60.0,0.0,5.0,2.0,1.0,0.0,0.0,10.0,0.0,32.0,0.0,0.0,0.0,0.0,0.0,14.0,0.0,2.0,1.0,2.0,1.0,0.0,0.0,0.0,0.0,0.0,1.0,0.0,0.0,0.0,4.0,4.0,0.0,0.0,0.0,0.0,0
0.0,0.0,0.0,1.0,0.0,0.0,0.001677,0.0,0.0,0.0,1.18716,0.0,0.0,0.0,0.0,0.0,0.0,13.0,0.0,0.0,0.048688,0.0,0.0,0.0,1.0,50.0,0.0,10.0,1.0,3.0,0.0,0.0,45.0,0.0,14.0,0.0,0.0,0.0,0.0,0.0,4.0,0.0,4.0,0.0,4.0,0.0,0.0,0.0,0.0,0.010376,0.0,1.0,0.0,0.0,0.0,27.0,10.0,0.0,0.0,0.041747,0.0,0
0.0,0.0,0.0,4.0,0.0,0.0,0.007603,0.0,0.0,0.0,5.94514,0.0,0.0,0.0,0.0,0.0,1.0,11.0,0.0,0.0,9.22122,0.0,0.0,0.0,1.0,38.0,0.0,6.0,3.0,0.0,0.0,0.0,15.0,0.0,10.0,0.0,0.0,0.01023,1.02,0.0,1.0,0.0,3.0,5.0,3.0,1.0,0.0,0.0,1.02,0.153982,2.08,7.0,0.002623,0.009791,0.0,52.0,6.0,0.002692,3.09,0.218565,0.0,0
0.0,0.011708,0.0,2.0,0.0,0.0,0.009348,0.015802,0.0,0.0,2.35699,0.0,0.0,1.02,0.0,0.0,0.0,1.0,0.0,0.0,0.140911,0.0,0.0,1.02,0.0,4.0,0.0,2.0,2.0,2.0,0.0,0.0,1.0,0.0,2.0,0.014478,0.0,0.017307,0.0,1.05,2.0,1.02,0.0,0.0,0.0,0.0,1.02,0.0,0.0,0.04406,0.0,2.0,0.0,0.0,0.019225,13.0,2.0,0.0,1.03,0.148302,0.014294,0
0.0,0.003869,0.006419,1.0,0.0,0.0,0.0,0.004075,1.01,0.0,0.0,0.0,0.0,1.01,0.0,0.0,0.0,2.0,0.0,0.0,0.0,0.0,0.0,0.0,0.0,6.0,0.0,3.0,2.0,2.0,0.0,0.0,3.0,0.0,3.0,0.0,0.0,0.0,0.0,1.02,2.0,1.01,1.0,0.0,1.0,0.0,1.01,0.0,1.01,0.0,0.0,2.0,0.0,0.0,0.005195,20.0,3.0,0.006488,0.0,0.0,0.004594,0
0.0,0.0,0.010256,3.0,0.0,0.0,0.003499,0.0,4.04,0.0,6.07208,0.0,0.0,0.0,0.0,0.0,0.0,11.0,0.0,0.0,9.23201,0.0,0.0,0.0,2.0,43.0,0.0,9.0,2.0,2.0,0.0,0.0,36.0,0.0,23.0,0.0,0.0,0.0,1.01,0.0,4.0,0.0,5.0,4.0,5.0,0.0,0.0,0.0,5.05,0.157863,2.04,6.0,0.00569,0.009791,0.0,19.0,8.0,0.017821,0.0,0.237335,0.0,0
0.0,0.0,0.0,1.0,0.0,0.0,0.0,0.0,0.0,0.0,0.0,0.0,0.0,0.0,0.0,0.0,0.0,18.0,0.0,0.0,0.0,0.0,0.0,0.0,2.0,49.0,0.0,8.0,3.0,0.0,0.0,0.0,28.0,0.0,17.0,0.0,0.0,0.0,0.0,0.0,2.0,0.0,4.0,0.0,4.0,0.0,0.0,0.0,0.0,0.0,0.0,1.0,0.0,0.0,0.0,52.0,8.0,0.0,0.0,0.0,0.0,0
0.0,0.0,0.001513,1.0,0.0,0.0,0.002609,0.0,1.02,0.0,2.75087,0.0,0.0,0.0,0.0,1.0,0.0,1.0,0.0,0.0,9.12025,0.0,0.0,0.0,0.0,3.0,0.0,1.0,1.0,0.0,0.0,0.0,0.0,0.0,1.0,0.0,0.0,0.0,0.0,0.0,0.0,0.0,1.0,2.0,0.0,0.0,0.0,0.0,1.02,0.140083,2.02,3.0,0.0,0.009791,0.0,9.0,1.0,0.001704,0.0,0.181341,0.0,0
0.0,0.0,0.001135,0.0,0.0,0.0,0.02812,0.0,1.01,0.0,2.64198,0.0,0.0,0.0,0.0,0.0,0.0,19.0,0.0,0.0,0.066652,0.0,0.0,0.0,6.0,81.0,0.0,7.0,3.0,2.0,0.0,1.01,21.0,0.0,29.0,0.0,0.0,0.001033,0.0,0.0,8.0,0.0,11.0,0.0,11.0,0.0,0.0,0.00406,1.01,0.005022,4.04,0.0,0.0,0.013377,0.0,17.0,6.0,0.00123,1.02,0.001553,0.0,0
0.0,0.0,0.001563,3.0,0.0,0.0,0.070134,0.0,1.01,0.0,6.09962,0.0,0.0,0.0,0.0,0.0,0.0,14.0,0.0,0.0,0.157212,2.02,0.0,1.06,1.0,58.0,0.0,8.0,2.0,0.0,0.002256,0.0,28.0,0.0,18.0,0.000519,0.0,0.000995,1.01,0.0,1.0,1.05,4.0,0.0,3.0,0.0,0.0,0.0,2.02,0.012771,3.03,3.0,0.000404,0.008406,0.000632,24.0,7.0,0.002029,2.34,0.00759,0.0,0
1.0,0.0,0.0,2.0,0.0,0.0,0.005424,0.0,0.0,0.0,9.01244,0.0,0.0,0.0,0.0,0.0,0.0,15.0,0.0,0.0,9.34723,0.0,0.0,1.01,3.0,80.0,1.0,3.0,2.0,1.0,0.0,0.0,3.0,0.0,19.0,0.001189,0.0,0.003043,4.04,0.0,4.0,1.01,0.0,8.0,0.0,0.0,0.0,0.0,4.04,0.180748,2.02,10.0,0.027482,0.009791,0.002606,17.0,1.0,0.029816,1.05,0.32614,0.0,0
0.0,0.0,0.0,0.0,0.0,0.0,0.00427,0.0,0.0,0.0,1.03163,0.0,0.0,0.0,3.0,0.0,0.0,24.0,0.0,0.0,0.023183,0.0,0.0,0.0,3.0,87.0,0.0,3.0,1.0,2.0,0.0,0.0,3.0,0.0,23.0,0.0,0.0,0.0,0.0,0.0,5.0,0.0,5.0,0.0,0.0,0.0,0.0,0.0,0.0,0.001205,7.14,0.0,0.0,0.041644,0.0,27.0,2.0,0.0,0.0,2.2e-05,0.0,0
0.0,0.0,0.0,0.0,0.0,0.0,0.001328,0.0,0.0,0.0,1.84703,0.0,0.0,0.0,0.0,0.0,0.0,2.0,0.0,0.0,9.09329,0.0,0.0,0.0,0.0,7.0,0.0,2.0,1.0,2.0,0.0,0.0,1.0,0.0,2.0,0.0,0.0,0.0,0.0,0.0,2.0,0.0,1.0,2.0,1.0,0.0,0.0,0.0,0.0,0.136921,1.15,2.0,0.0,0.002024,0.0,0.0,2.0,0.0,0.0,0.175609,0.0,0
0.0,0.0,0.003678,0.0,0.0,0.0,0.00362,0.0,1.01,0.0,4.42588,0.0,0.0,0.0,0.0,0.0,0.0,7.0,0.0,0.0,9.18898,0.0,0.0,0.0,5.0,98.0,0.0,4.0,1.0,1.0,0.0,0.0,6.0,0.0,26.0,0.0,0.0,0.022985,3.03,0.0,6.0,1.01,3.0,2.0,3.0,0.0,0.0,0.0,2.02,0.154945,0.0,4.0,0.018159,0.0,0.000851,0.0,3.0,0.013652,4.1,0.240305,0.0,0
0.0,0.000635,0.0,4.0,0.0,0.0,0.007921,0.000577,0.0,0.0,8.18073,0.0,0.0,1.03,1.0,0.0,0.0,2.0,0.0,0.0,0.199245,0.0,0.0,1.03,1.0,6.0,0.0,2.0,1.0,0.0,0.0,0.0,1.0,0.0,3.0,0.000852,0.0,0.000831,0.0,1.09,1.0,1.06,1.0,0.0,0.0,0.0,1.03,0.0,0.0,0.014009,2.04,5.0,0.0,0.002353,0.000806,9.0,2.0,0.0,1.09,0.007352,0.000723,0
0.0,0.0,0.0,1.0,0.0,0.0,0.082337,0.0,0.0,0.0,4.35837,0.0,0.0,0.0,0.0,0.0,0.0,9.0,0.0,0.0,0.102749,0.0,0.0,0.0,2.0,28.0,0.0,10.0,1.0,0.0,0.0,0.0,45.0,0.0,19.0,0.0,0.0,0.000831,0.0,0.0,2.0,0.0,1.0,0.0,0.0,0.0,0.0,0.0,0.0,0.006413,1.01,1.0,0.0,0.001486,0.0,25.0,9.0,0.0,1.01,0.001479,0.0,1
0.0,0.0,0.008184,1.0,0.0,0.0,0.001256,0.0,3.06,0.0,3.32672,0.0,0.0,0.0,0.0,1.0,0.0,1.0,0.0,0.0,9.15394,0.0,0.0,0.0,1.0,3.0,0.0,2.0,1.0,7.0,0.0,0.0,1.0,0.0,3.0,0.0,0.0,0.0,0.0,0.0,8.0,0.0,0.0,2.0,0.0,0.0,0.0,0.0,3.06,0.149833,2.02,3.0,0.0,0.009791,0.0,9.0,2.0,0.008778,0.0,0.227553,0.0,0
2.0,0.0,0.003485,1.0,0.0,0.0,0.001811,0.0,1.01,0.0,4.83266,0.0,0.0,0.0,0.0,0.0,0.0,17.0,0.0,0.0,9.22363,0.0,0.0,0.0,6.0,84.0,0.0,11.0,1.0,12.0,0.0,0.0,55.0,0.0,40.0,0.0,0.0,0.0,1.01,0.0,17.0,0.0,10.0,4.0,9.0,0.0,0.0,0.0,2.02,0.167231,1.01,5.0,0.003794,0.005924,0.0,9.0,9.0,0.006839,0.0,0.296861,0.0,0
0.0,0.0,0.0,4.0,0.0,1.01,0.017626,0.0,0.0,0.010189,9.62849,0.0,0.0,0.0,0.0,0.0,0.0,5.0,0.0,1.01,9.40165,0.0,0.0,2.15,5.0,99.0,0.0,4.0,1.0,2.0,0.0,0.0,6.0,0.0,25.0,0.007908,0.010354,0.009643,6.12,0.0,7.0,3.45,2.0,7.0,1.0,0.0,0.0,0.0,6.12,0.199926,0.0,12.0,0.029215,0.0,0.009912,0.0,4.0,0.029471,3.3,0.416054,0.0,0
0.0,0.0,0.0,1.0,2.03,2.03,0.0,0.0,0.0,0.0,0.0,0.025522,0.0,0.0,61.0,0.0,0.0,1.0,0.0,0.0,0.0,0.0,0.0,0.0,0.0,3.0,0.0,1.0,1.0,0.0,0.0,0.0,0.0,0.0,2.0,0.0,0.038394,0.0,0.0,0.0,0.0,0.0,62.0,1.0,1.0,0.0,0.0,0.0,0.0,0.0,0.0,3.0,0.0,0.0,0.0,0.0,1.0,0.0,0.0,0.0,0.0,1
0.0,0.0,0.006419,1.0,0.0,0.0,0.000949,0.0,1.03,0.0,1.84703,0.0,0.0,0.0,0.0,0.0,0.0,4.0,0.0,0.0,9.09329,0.0,0.0,0.0,1.0,14.0,3.0,4.0,4.0,3.0,0.0,0.0,6.0,0.0,5.0,0.0,0.0,0.0,0.0,0.0,4.0,0.0,1.0,3.0,1.0,0.0,0.0,0.0,1.03,0.136921,1.03,3.0,0.0,0.005924,0.0,75.0,4.0,0.006488,0.0,0.175609,0.0,0
0.0,0.0,0.0,2.0,0.0,0.0,0.000294,0.0,0.0,0.0,0.891381,0.0,0.0,0.0,0.0,0.0,0.0,8.0,0.0,0.0,8.95641,0.0,0.0,0.0,4.0,40.0,4.0,4.0,3.0,1.0,0.0,0.0,6.0,0.0,20.0,0.0,0.0,0.0,0.0,0.0,5.0,0.0,3.0,0.0,3.0,0.0,0.0,0.0,0.0,0.089138,1.1,3.0,0.0,0.027723,0.0,43.0,3.0,0.0,0.0,0.089138,0.0,0
0.0,0.0,0.0,2.0,0.0,0.0,0.00268,0.0,0.0,0.0,5.90237,0.0,0.0,0.0,0.0,4.0,0.0,0.0,0.0,0.0,9.22031,0.0,0.0,0.0,0.0,0.0,0.0,1.0,1.0,1.0,0.0,0.0,0.0,0.0,1.0,0.0,0.0,0.0,0.0,0.0,1.0,0.0,0.0,4.0,0.0,0.0,0.0,0.0,0.0,0.153971,2.04,5.0,0.0,0.009791,0.0,18.0,0.0,0.0,0.0,0.218916,0.0,0
